"";"V1";"V2";"V3";"V4";"V5";"V6";"V7";"V8";"V9";"V10";"V11"
"1";9,663;5,052;13,434;6,671;8,682;20,328;11,92;0;20,614;3,636;0
"2";5,769;5,661;4,281;2,784;6,076;23,192;25,767;0;24,189;2,28;0
"3";3,295;62,356;2,877;2,281;2,685;2,724;13,224;0;9,206;1,352;0
"4";3,753;10,544;11,814;13,28;6,3;13,603;13,639;0;24,418;2,65;0
"5";0;5,586;34,977;0,923;4,836;5,21;18,535;0;29,114;0,819;0
"6";2,97;28,1;17,761;4,587;4,905;11,017;8,338;0;18,824;3,498;0
"7";4,551;8,582;2,54;5,093;20,163;9,734;9,646;0;37,439;2,252;0
"8";2,63;32,839;5,911;5,222;11,571;7,36;9,898;0;21,436;3,133;0
"9";2,613;70,589;2,983;1,305;5,691;4,348;5,443;0;6,208;0,819;0
"10";0,823;5,03;26,437;3,642;13,8;17,723;7,718;0;21,841;2,987;0
"11";4,044;8,473;8,593;6,482;11,151;20,093;21,748;0;16,722;2,693;0
"12";5,404;7,56;8,207;2,911;5,856;39,786;8,546;0;20,356;1,375;0
"13";0,279;0,671;0,251;0,355;0,634;0;0,41;0;97,309;0,093;0
"14";8,266;8,376;6,258;3,062;7,615;21,409;11,304;0;32,064;1,645;0
"15";5,274;3,467;3,428;1,38;1,858;0,793;7,239;0;74,508;2,052;0
"16";1,159;7,649;5,406;2,885;6,031;21,871;11,748;0;41,254;1,997;0
"17";3,454;7,283;8,082;3,198;5,233;38,091;8,514;0;24,197;1,948;0
"18";0;6,048;49,844;0,929;5,748;21,432;7,015;0;7,824;1,159;0
"19";0,27;5,262;2,275;1,85;1,326;1,97;1,829;0;85,025;0,192;0
"20";10,442;26,853;8,343;6,544;4,673;2,401;8,415;0;24,054;8,275;0
"21";0;11,315;8,398;3,977;8,658;13,848;8,6;0;38,359;6,846;0
"22";0;0,005;0,011;0,003;0,009;99,939;0,015;0;0,017;0,002;0
"23";1,033;12,358;3,967;1,807;5,508;4,315;6,878;0;59,074;5,06;0
"24";3,206;9,006;7,763;7,915;18,437;4,118;10,689;0;36,985;1,882;0
"25";0,347;73,548;2,258;0,751;3,523;3,582;1,905;0;12,169;1,917;0
"26";2,251;4,28;29,926;2,382;3,082;29,11;6,333;0;20,651;1,983;0
"27";1,544;9,678;12,306;2,528;5,22;11,088;25,442;0;31,321;0,874;0
"28";7,032;18,904;3,228;1,944;4,702;32,987;11,938;0;16,944;2,322;0
"29";0,844;11,778;3,996;0,893;3,473;1,625;66,029;0;10,503;0,858;0
"30";2,953;4,864;6,324;25,806;5,151;1,775;28,511;0;19,244;5,371;0
"31";5,782;41,155;10,296;2,308;3,323;3,733;3,783;0;28,72;0,899;0
"32";3,689;6,427;42,983;10,151;3,275;12,147;4,997;0;15,66;0,671;0
"33";1,52;7,68;6,579;1,229;7,631;6,271;24,055;0;42,86;2,175;0
"34";0;2,942;7,691;2,667;5,269;2,343;59,176;0;15,796;4,115;0
"35";0,509;0,384;0,764;1,222;92,354;1,541;2,259;0;0,879;0,087;0
"36";8,54;11,516;6,043;3,134;12,21;23,173;13,877;0;16,399;5,107;0
"37";4,002;12,803;5,224;4,098;7,008;21,83;15,235;0;19,059;10,74;0
"38";0;7,05;13,89;2,83;11,454;2,777;21,272;0;38,339;2,387;0
"39";0;24,632;2,943;7,056;7,567;5,109;35,706;0;13,577;3,411;0
"40";2,17;58,167;3,164;2,233;3,132;1,894;5,071;0;23,415;0,755;0
"41";4,834;9,118;7,913;3,199;12,796;10,445;17,59;0;29,915;4,19;0
"42";4,285;2,649;5,807;2,001;24,275;3,654;46,088;0;9,854;1,387;0
"43";20,602;7,883;8,675;5,27;5,674;5,301;10,899;0;33,571;2,125;0
"44";0;6,798;4,82;0,738;65,722;2,191;8,562;0;10,675;0,493;0
"45";5,803;82,847;1,79;1,099;1,565;1,396;1,833;0;3,348;0,319;0
"46";0,554;9,034;6,594;1,991;3,377;15,044;9,218;0;13,646;40,541;0
"47";0;8,756;11,355;10,77;9,606;0;10,499;0;42,166;6,848;0
"48";5,63;17,19;7,992;1,799;5,009;8,009;40,402;0;13,07;0,9;0
"49";1,319;11,288;13,216;1,38;3,327;6,619;15,437;0;35,416;11,998;0
"50";2,009;18,092;11,217;5,958;14,219;1,081;19,131;0;27,173;1,119;0
"51";1,848;32,461;12,293;3,103;8,67;1,073;18,676;0;17,718;4,158;0
"52";24,081;8,301;18,533;1,768;7,644;4;11,229;0;23,213;1,232;0
"53";0,995;32,539;6,083;3,529;5,703;15,978;8,179;0;23,527;3,466;0
"54";9,323;9,207;6,784;2,716;8,504;13,524;6,295;0;36,824;6,823;0
"55";4,396;32,713;8,754;2,254;7,796;5,749;14,951;0;20,645;2,742;0
"56";11,056;13,51;6,107;3,78;12,04;10,369;16,345;0;22,232;4,562;0
"57";1,663;5,213;32,285;3,39;4,892;30,187;7,949;0;13,284;1,135;0
"58";1,562;2,159;52,853;0,456;5,444;21,528;6,514;0;8,584;0,901;0
"59";0,611;3,838;1,763;39,264;4,295;0,951;5,75;0;42,766;0,762;0
"60";5,076;6,741;6,508;1,689;14,371;14,764;18,638;0;29,337;2,877;0
"61";3,411;18,704;33,087;2,479;5,194;8,366;9,444;0;13,197;6,12;0
"62";0;18,662;12,691;5,551;10,034;3,492;5,279;0;17,956;26,335;0
"63";24,145;16,751;15,878;7,413;13,221;5,607;4,936;0;8,708;3,34;0
"64";10,98;5,59;12,321;7,362;6,448;10,189;12,091;0;28,724;6,294;0
"65";1,136;7,218;5,492;6,599;7,731;2,085;13,026;0;55,224;1,489;0
"66";5,394;8,709;8,266;11,616;7,957;5,222;14,903;0;30,663;7,269;0
"67";0;4,409;7,179;5,015;9,973;0;4,794;0;65,246;3,383;0
"68";0;5,332;21,232;2,832;5,679;3,44;11,786;0;48,228;1,469;0
"69";12,639;9,596;5,49;1,711;6,019;2,166;4,832;0;54,766;2,78;0
"70";1,37;19,205;10,637;1,403;5,427;35,701;6,754;0;18,339;1,165;0
"71";0,839;3,209;1,398;3,679;2,017;75,983;1,765;0;10,192;0,917;0
"72";38,308;4,079;7,468;0,925;3,971;6,588;4,487;0;29,754;4,42;0
"73";2,626;3,365;10,536;17,846;4,987;8,889;15,168;0;35,043;1,54;0
"74";1,095;3,398;10,269;1,788;5,498;47,568;8,152;0;21,237;0,996;0
"75";4,111;6,696;8,661;1,491;15,452;1,549;5,082;0;55,764;1,193;0
"76";1,781;3,348;44,807;0,8;2,97;0,928;7,404;0;35,713;2,25;0
"77";1,276;12,116;12,606;3,902;11,091;3,139;18,354;0;24,013;13,502;0
"78";1,274;10,077;6,381;1,673;8,776;31,472;9,564;0;27,207;3,575;0
"79";6,96;7,692;18,149;1,502;5,73;8,422;12,641;0;30,45;8,454;0
"80";0;11,787;6,536;4,545;6,883;12,06;13,946;0;42,917;1,325;0
"81";10,404;16,006;27,537;6,744;4,478;3,679;14,353;0;12,869;3,93;0
"82";1,155;11,22;13,054;2,849;11,889;26,854;9,006;0;22,079;1,894;0
"83";0;1,269;0,537;0,267;0,646;91,312;0,932;0;4,972;0,066;0
"84";2,982;22,37;30,534;2,046;8,183;5,177;5,939;0;14,594;8,175;0
"85";1,423;2,826;2,702;2,078;1,302;42,077;37,209;0;9,539;0,845;0
"86";1,549;4,473;17,949;17,636;3,419;24,062;10,698;0;14,166;6,048;0
"87";5,647;4,938;7,285;3,088;5,951;7,768;21,729;0;42,154;1,44;0
"88";3,423;5,596;41,314;3,777;13,757;3,904;11,867;0;13,927;2,435;0
"89";0,089;0,175;0,637;0,075;0,277;0,348;0,51;0;97,837;0,053;0
"90";3,299;8,754;6,603;2,9;21,216;3,126;11,128;0;41,623;1,351;0
"91";0;7,566;13,545;2,117;5,869;41,645;8,458;0;18,678;2,121;0
"92";16,834;23,792;6,672;3,163;8,02;5,021;13,96;0;21,02;1,517;0
"93";5,091;10,611;14,898;2,507;6,011;7,284;28,734;0;24,035;0,828;0
"94";0;5,929;11,48;7,771;6,829;24,721;13,32;0;28,643;1,307;0
"95";17,01;3,335;4,614;1,018;3,606;49,387;7,507;0;12,197;1,325;0
"96";0;34,274;19,671;2,862;11,169;3,207;10,057;0;15,665;3,096;0
"97";4,62;10,723;9,874;3,985;5,458;5,055;17,623;0;37,974;4,689;0
"98";2,135;0,739;1,365;0,965;2,56;2,696;2,551;0;86,379;0,608;0
"99";10,719;14,249;28,384;1,753;7,724;5,849;8,346;0;20,695;2,28;0
"100";7,953;12,457;9,728;6,145;7,063;13,163;20,032;0;22,332;1,126;0
"101";6,437;6,578;6,056;9,473;4,677;16,481;27,302;0;21,915;1,081;0
"102";1,308;16,663;5,084;4,321;5,621;5,584;36,421;0;23,834;1,164;0
"103";1,426;5,287;14,657;1,788;8,57;10,006;14,649;0;38,419;5,2;0
"104";5,786;9,723;6,316;3,83;23,828;9,787;17,112;0;21,132;2,486;0
"105";0;11,599;22,394;3,183;15,464;4,305;10,791;0;29,488;2,775;0
"106";23,145;2,039;3,389;3,907;4,198;16,319;28,24;0;17,033;1,731;0
"107";6,848;19,193;8,013;2,482;7,731;7,961;14,803;0;26,488;6,481;0
"108";0,4;0,749;75,54;0,728;1,736;10,387;3,652;0;6,321;0,487;0
"109";0;9,828;7,971;9,269;11,747;5,877;12,035;0;40,653;2,621;0
"110";1,571;1,901;15,002;52,001;2,262;4,583;2,646;0;13,023;7,012;0
"111";0;6,711;10,99;1,173;13,417;13,983;20,911;0;31,306;1,51;0
"112";5,115;10,765;39,141;5,722;8,583;5,213;5,104;0;18,788;1,569;0
"113";8,075;22,475;16,695;8,442;6,076;0;12,855;0;18,129;7,254;0
"114";2,606;41,322;5,439;3,217;9,688;6,648;6,586;0;22,168;2,326;0
"115";2,193;6,223;55,58;3,068;4,334;8,345;6,429;0;11,641;2,188;0
"116";0,563;0,722;1,215;0,981;0,409;3,876;88,648;0;3,347;0,239;0
"117";2,095;12,575;10,022;5,808;6,086;11,407;13,913;0;34,881;3,214;0
"118";10,442;9,216;13,024;2,119;9,353;2,91;24,454;0;21,757;6,724;0
"119";0;2,184;6,096;0,772;1,221;0,65;3,123;0;83,723;2,231;0
"120";0,998;2,775;2,622;2,208;10,938;5,828;32,945;0;40,523;1,163;0
"121";2,767;4,524;7,238;3,843;8,375;5,054;20,299;0;45,399;2,499;0
"122";15,816;10,245;6,658;1,998;28,18;7,408;11,145;0;15,927;2,623;0
"123";1,61;5,639;6,343;8,053;7,464;7,632;17,793;0;44,106;1,361;0
"124";6,695;8,646;13,374;4,062;22,55;1,533;22,621;0;17,753;2,766;0
"125";5,354;7,54;4,14;3,457;4,667;5,624;12,439;0;54,986;1,792;0
"126";5,46;4,341;18,835;8,898;11,028;5,509;13,342;0;29,046;3,541;0
"127";6,373;21,086;2,069;0,644;26,974;1,535;4,542;0;36,458;0,318;0
"128";3,922;14,487;5,742;2,67;13,063;4,937;6,837;0;38,846;9,497;0
"129";10,991;5,322;28,838;2,842;8,776;2,332;13,515;0;24,122;3,264;0
"130";4,759;7,215;15,129;5,458;3,124;2,788;10,593;0;42,84;8,093;0
"131";0;14,024;5,456;1,784;5,87;19,618;11,879;0;37,815;3,554;0
"132";10,071;8,468;12,536;9,268;5,119;3,469;29,715;0;19,116;2,24;0
"133";4,805;8,804;9,831;2,951;8,619;4,628;20,048;0;38,897;1,417;0
"134";2,479;35,65;5,112;1,853;2,819;13,753;11,016;0;25,5;1,817;0
"135";0;6,349;4,976;2,81;3,026;53,591;16,911;0;9,679;2,659;0
"136";0;17,521;20,604;2,652;13,504;5,127;14,948;0;23,85;1,794;0
"137";2,484;6,122;3,981;1,674;3,915;8,446;5,632;0;67,25;0,495;0
"138";7,552;9,976;3,453;1,888;7,391;3,483;16,471;0;47,214;2,572;0
"139";3,693;26,137;8,698;4,298;7,007;3,289;22,306;0;22,253;2,319;0
"140";4,557;24,256;2,293;4,312;7,801;30,118;8,277;0;15,931;2,454;0
"141";0;6,897;14,749;11,842;7,872;32,559;7,909;0;16,535;1,637;0
"142";1,499;5,066;4,762;0,796;10,061;3,958;61,954;0;9,653;2,25;0
"143";5,231;2,61;6,506;0,782;3,245;12,906;4,488;0;11,759;52,474;0
"144";1,394;8,852;11,245;13,116;6,345;22,075;7,672;0;28,104;1,196;0
"145";2,524;1,673;4,75;1,487;5,755;1,485;4,384;0;77,009;0,931;0
"146";1,882;32,876;6,166;14,322;3,1;16,841;7,182;0;16,317;1,314;0
"147";1,427;9,274;26,773;22,237;10,475;1,839;12,746;0;13,926;1,303;0
"148";0,535;84,783;4,832;0,889;0,774;3,105;1,569;0;3,058;0,455;0
"149";1,669;10,058;11,448;25,097;10,244;0;12,059;0;19,43;9,994;0
"150";17,286;9,211;8,46;13,825;6,521;5,174;3,658;0;34,235;1,631;0
"151";1,94;7,6;5,91;1,805;4,003;2,532;4,954;0;70,417;0,838;0
"152";10,056;3,47;8,995;4,258;5,978;4,48;13,954;0;36,558;12,25;0
"153";0,806;37,577;8,36;4,564;4,273;7,186;4,878;0;30,125;2,23;0
"154";0;50,928;5,924;5,608;5,319;3,678;15,141;0;12,565;0,836;0
"155";1,751;35,134;11,828;3,962;6,689;1,744;12,23;0;22,297;4,365;0
"156";0;29,576;11,613;6,854;7,872;2,134;4,849;0;35,596;1,508;0
"157";9,207;10,902;15,858;2,397;4,567;1,515;10,288;0;44,128;1,136;0
"158";14,788;6,574;6,735;27,091;10,097;2,878;7,181;0;23,251;1,405;0
"159";0,612;29,123;4,996;54,58;1,789;1,501;2,878;0;4,21;0,311;0
"160";2,398;8,468;11,029;5,625;8,521;22,7;14,196;0;24,521;2,543;0
"161";1,308;3,698;9,355;40,845;4,137;1,208;22,591;0;16,206;0,652;0
"162";3,535;7,352;5,447;20,653;11,658;6,828;17,625;0;24,869;2,034;0
"163";0,65;1,778;30,352;0,6;1,211;7,312;1,588;0;56,375;0,134;0
"164";2,578;5,379;6,134;1,223;4,088;1,94;9,972;0;68,021;0,665;0
"165";2,192;13,982;11,99;4,161;19,201;6,817;17,891;0;21,914;1,851;0
"166";2,462;3,893;4,916;1,004;3,658;53,815;8,854;0;18,482;2,915;0
"167";5,265;10,609;7,959;9,091;11,689;3,283;17,768;0;32,909;1,428;0
"168";49,761;3,451;5,544;2,855;3,16;13,717;7,519;0;7,554;6,439;0
"169";0;7,818;30,561;17,218;6,791;1,239;11,298;0;22,25;2,825;0
"170";40,394;8,278;5,776;3,872;9,753;8,553;7,365;0;14,012;1,998;0
"171";0;8,488;5,011;3,506;25,981;2,036;7,287;0;46,38;1,311;0
"172";2,055;6,648;44,632;3,318;8,821;8,292;9,73;0;13,025;3,479;0
"173";2,906;10,801;7,279;2,177;27,315;17,712;7,187;0;23,454;1,168;0
"174";10,372;3,674;18,094;2,705;9,327;5,198;23,374;0;22,772;4,483;0
"175";3,431;3,27;13,792;1,566;4,902;7,001;34,491;0;30,718;0,829;0
"176";1,345;14,019;6,088;2,835;11,541;5,737;18,745;0;19,943;19,748;0
"177";4,709;14,433;12,036;1,883;19,48;8,154;12,295;0;25,798;1,212;0
"178";2,375;10,692;20,832;2,885;9,512;3,778;27,799;0;19,494;2,632;0
"179";1,141;1,144;1,15;1,87;1,762;3,121;1,056;0;4,024;84,732;0
"180";2,007;28,307;5,838;2,155;10,84;8,578;9,171;0;31,064;2,039;0
"181";0;3,205;79,138;2,154;2,495;2,772;4,253;0;5,573;0,409;0
"182";13,682;31,886;10,878;2,592;7,296;2,195;7,411;0;21,414;2,646;0
"183";0;7,816;14,999;1,802;18,686;7,557;36,66;0;11,344;1,136;0
"184";3,742;2,3;50,174;9,275;7,68;1,744;7,63;0;14,735;2,72;0
"185";3,04;12,302;7,622;2,475;28,767;1,153;12,906;0;28,003;3,732;0
"186";15,899;4,842;6,513;3,618;9,329;6,485;26,508;0;25,585;1,22;0
"187";3,178;18,632;9,103;5,561;10,091;4,037;21,9;0;25,981;1,518;0
"188";1,048;9,138;0,871;0,828;0,772;74,351;2,747;0;4,509;5,736;0
"189";5,101;6,506;8,349;4,037;9,743;11,325;16,691;0;36,324;1,924;0
"190";0,636;2,047;4,533;0,498;1,585;81,278;2,098;0;6,748;0,576;0
"191";2,56;48,173;2,652;1,4;6,706;6,078;6,948;0;17,748;7,735;0
"192";2,428;17,28;4,5;1,432;13,244;0;20,967;0;39,452;0,698;0
"193";1,24;4,626;9,526;1,408;4,741;2,615;6,075;0;67,763;2,007;0
"194";0;6,738;11,149;3,373;8,347;7,178;9,801;0;49,39;4,025;0
"195";4,556;3,498;8,527;7,695;8,173;6,735;11,049;0;48,09;1,676;0
"196";0;8,341;4,869;1,956;14,722;42,398;9,91;0;15,942;1,863;0
"197";0,857;8,705;2,826;1,01;2,018;75,202;2,809;0;5,952;0,622;0
"198";1,296;4,75;8,021;1,843;6,389;1,11;29,459;0;46,114;1,018;0
"199";5,408;5,784;10,654;4,045;25,074;3,259;22,319;0;20,504;2,954;0
"200";10,687;19,394;14,428;6,413;3,765;16,616;8,194;0;16,463;4,039;0
"201";0;9,649;13,312;7,927;6,151;8,171;9,986;0;43,669;1,136;0
"202";0,47;4,941;35,555;1,874;5,677;1,181;29,725;0;17,209;3,368;0
"203";4,411;6,445;29,92;4,242;6,244;7,833;19,769;0;17,277;3,859;0
"204";1,368;8,977;3,296;0,914;37,577;4,598;25,304;0;17,026;0,94;0
"205";12,874;35,369;10,246;3,636;2,758;3,967;10,655;0;16,207;4,288;0
"206";1,922;0,455;1,411;0,187;0,656;0,472;2,545;0;92,147;0,205;0
"207";3,261;5,926;13,927;2,233;6,536;6,993;18,302;0;37,541;5,28;0
"208";0,813;37,216;8,32;2,474;7,578;7,338;8,259;0;22,032;5,97;0
"209";0;43,957;5,95;2,425;5,423;4,915;9,181;0;23,558;4,591;0
"210";2,422;10,628;6,828;11,006;17,673;3,468;13,409;0;31,308;3,259;0
"211";0;9,642;31,602;4,668;8,481;7,274;9,165;0;24,66;4,508;0
"212";2,411;37,416;7,66;2,893;5,559;4,79;12,641;0;24,125;2,504;0
"213";0,474;2,69;3,119;12,777;3,968;4,667;7,811;0;63,73;0,764;0
"214";2,97;75,636;0,611;0,15;1,248;0,401;16,665;0;2,15;0,169;0
"215";3,768;12,865;13,614;22,058;3,913;11,942;7,665;0;18,615;5,56;0
"216";0;46,328;10,289;4,445;3,61;9,357;6,71;0;17,357;1,903;0
"217";1,876;13,968;16,852;2,922;9,878;18,48;11,073;0;22,438;2,512;0
"218";1,313;4,716;49,113;6,868;4,352;4,269;4,832;0;22,586;1,951;0
"219";17,183;9,335;15,54;1,698;5,135;2,572;15,983;0;28,355;4,199;0
"220";3,033;7,268;17,2;7,048;9,363;6,719;19,469;0;28,079;1,821;0
"221";1,859;2,973;8,34;2,932;8,086;40,633;18,443;0;15,332;1,401;0
"222";3,223;6,989;13,475;9,614;11,904;12,633;11,199;0;26,824;4,14;0
"223";1,079;4,199;67,526;1,223;2,236;7,266;3,345;0;12,173;0,954;0
"224";1,53;10,404;16,4;2,311;27,507;1,462;14,103;0;25,069;1,215;0
"225";0;3,104;2,585;0,828;3,271;4,685;5,021;0;79,301;1,206;0
"226";1,647;3,243;2,009;38,122;2,694;1,872;3,504;0;8,267;38,643;0
"227";11,813;4,769;8,914;7,954;10,017;4,947;9,796;0;34,531;7,259;0
"228";1,838;6,663;6,141;0,81;3,335;2,977;37,446;0;40,22;0,57;0
"229";0,524;63,75;2,325;3,843;1,969;1,575;4,109;0;19,279;2,627;0
"230";2,583;16,307;8,394;3,013;6,375;2,081;12,898;0;13,19;35,158;0
"231";11,804;7,895;50,876;3,442;4,59;4,227;9,247;0;7,051;0,867;0
"232";0,015;23,606;0,111;2,388;0,058;0,035;0,076;0;73,697;0,014;0
"233";9,61;11,605;6,954;3,612;3,657;4,727;40,595;0;18,119;1,121;0
"234";10,256;34,69;23,041;2,57;7,239;0,741;4,218;0;15,924;1,321;0
"235";35,538;5,919;9,949;2,005;12,324;5,36;9,064;0;17,543;2,298;0
"236";0,55;1,569;1,96;0,793;1,626;39,168;6,171;0;47,717;0,446;0
"237";2,211;8,198;4,824;41,998;2,742;4,341;20,621;0;14,391;0,673;0
"238";2,183;22,081;7,784;1,339;4,35;18,186;17,124;0;25,178;1,775;0
"239";1,924;5,912;2,956;0,992;1,996;76,303;2,736;0;6,86;0,32;0
"240";4,062;3,625;3,763;3,339;23,155;8,303;4,478;0;44,205;5,07;0
"241";20,542;1,901;6,448;19,578;5,927;3,834;5,014;0;34,293;2,461;0
"242";6,486;3,712;18,668;2,981;7,073;12,043;9,581;0;35,381;4,076;0
"243";0;9,133;9,15;6,402;13,51;8,457;16,925;0;32,704;3,718;0
"244";7,38;3,756;12,243;26,637;5,977;9,804;8,986;0;23,597;1,618;0
"245";1,681;9,481;4,348;56,243;4,543;5,011;10,43;0;7,517;0,746;0
"246";5,028;6,083;45,778;1,958;4,536;4,91;3,255;0;27,237;1,215;0
"247";4,267;40,159;5,052;1,499;9,155;6,109;12,671;0;19,757;1,331;0
"248";7,597;4,811;9,846;4,334;8,055;2,575;7,007;0;53,952;1,824;0
"249";18,996;11,423;5,557;1,269;9,479;9,529;10,732;0;29,823;3,191;0
"250";5,292;4,451;2,802;4,939;4,55;10,855;9,996;0;42,001;15,115;0
"251";2,078;37,881;7,894;15,718;5,331;3,022;5,286;0;16,618;6,171;0
"252";13,865;7,291;7,452;1,76;8,556;14,252;9,071;0;33,179;4,574;0
"253";4,196;8,642;17,653;3,932;17,791;6,689;18,932;0;19,581;2,584;0
"254";2,114;13,321;12,381;26,277;6,22;7,645;6,394;0;22,585;3,063;0
"255";3,054;16,337;7,073;1,921;13,674;5,678;9,905;0;40,593;1,765;0
"256";8,334;37,26;6,51;6,856;10,113;5,725;7,034;0;14,738;3,43;0
"257";0,646;1,694;39,91;4,847;4,523;2,897;18,193;0;26,32;0,97;0
"258";3,814;4,307;16,038;21,158;8,488;15,288;10,341;0;18,858;1,706;0
"259";10,226;5,006;36,916;3,788;9,424;2,548;7,009;0;22,77;2,312;0
"260";3,157;30,737;6,636;1,982;6,005;2,262;11,147;0;35,382;2,694;0
"261";11,082;42,049;7,785;2,458;10,65;0;9,171;0;16,131;0,673;0
"262";3,804;13,001;14,042;4,695;8,305;4,765;12,823;0;36,139;2,425;0
"263";2,148;16,064;8,07;2,057;39,809;4,758;9,036;0;16,577;1,481;0
"264";0,843;5,516;7,818;1,345;62,28;1,717;4,213;0;14,46;1,808;0
"265";2,269;8,08;9,352;2,435;8,264;9,558;6,863;0;50,235;2,945;0
"266";1,261;4,13;34,399;16,832;5,095;3,98;12,573;0;19,728;2;0
"267";3,375;2,823;4,159;1,424;4,062;66,411;8,59;0;7,067;2,088;0
"268";5,428;36,283;17,597;3,319;3,71;5,491;12,458;0;14,013;1,701;0
"269";1,941;3,138;5,342;70,339;4,124;2,505;3,338;0;8,046;1,227;0
"270";0;32,726;12,93;2,823;6,966;8,944;9,463;0;24,339;1,81;0
"271";2,097;29,015;8,228;9,327;2,527;1,421;25,123;0;21,602;0,661;0
"272";1,6;8,152;6,641;41,347;5,63;1,758;11,537;0;20,937;2,398;0
"273";3,312;4,124;9,991;1,291;2,861;3,671;44,127;0;24,94;5,682;0
"274";2,088;4,529;7,015;1,628;4,673;20,289;22,73;0;32,427;4,621;0
"275";0,822;2,315;55,356;9,56;14,161;5,994;4,096;0;6,571;1,124;0
"276";1,816;10,403;11,508;14,234;7,809;5,348;5,708;0;37,402;5,773;0
"277";6,589;15,394;27,854;1,482;6,781;2,929;7,137;0;30,764;1,07;0
"278";0,851;7,388;13,933;1,149;3,207;3,299;3,383;0;66,088;0,701;0
"279";30,051;9,239;7,317;1,247;4,558;6,133;9,677;0;29,625;2,154;0
"280";3,265;3,239;41,683;1,436;3,536;8,152;17,708;0;20,247;0,735;0
"281";5,294;6,415;5,47;2,288;22,872;12,045;11,939;0;32,075;1,604;0
"282";4,244;4,596;18,03;3,849;14,763;14,107;12,976;0;25,189;2,246;0
"283";5,307;6,016;31,153;1,281;29,484;6,645;12,994;0;6,42;0,701;0
"284";2,601;17,632;7,866;1,179;10,533;7,115;23,778;0;26,318;2,978;0
"285";0;9,142;14,95;2,243;14,758;15,103;14,481;0;27,998;1,325;0
"286";0,669;7,718;7,319;7,396;20,812;16,655;11,414;0;27,28;0,737;0
"287";3,786;6,974;16,552;4,108;12,916;4,196;24,678;0;25,227;1,563;0
"288";0;2,14;48,976;1,111;4,347;4,559;6,412;0;30,801;1,654;0
"289";0,693;4,951;5,946;66,092;2,904;1,599;8,324;0;8,475;1,017;0
"290";9,57;6,47;14,412;5,629;10,492;13,358;12,44;0;25,219;2,411;0
"291";4,365;5,306;6,91;10,047;5,791;27,65;8,132;0;27,418;4,382;0
"292";0;7,617;4,586;9,424;6,368;0;5,577;0;61,597;4,83;0
"293";0,722;6,443;71,25;2,809;2,741;3,485;3,967;0;7,523;1,06;0
"294";0,459;71,21;5,475;0,634;4,58;2,578;5,444;0;9,078;0,541;0
"295";0,798;6,334;15,141;1,505;16,302;4,171;14,742;0;38,921;2,087;0
"296";1,909;21,676;17,077;2;15,332;2,856;17,773;0;16;5,377;0
"297";5,28;6,416;11,033;3,369;12,486;10,305;6,854;0;43,378;0,88;0
"298";1,112;3,366;6,366;1,748;6,517;2,939;3,72;0;71,88;2,353;0
"299";0;11,394;27,072;1,835;9,589;21,533;10,358;0;15,252;2,966;0
"300";4,756;5,447;21,602;4,772;24,25;4,826;10,919;0;19,529;3,899;0
"301";20,035;10,001;18,124;1,393;4,91;2,795;8,942;0;32,246;1,554;0
"302";1,047;2,521;3,3;2,055;1,607;4,123;3,636;0;80,963;0,747;0
"303";4,791;16,223;4,608;21,581;5,143;7,138;15,326;0;21,971;3,218;0
"304";4,183;3,934;7,087;2,058;15,72;7,547;10,223;0;37,646;11,601;0
"305";7,746;8,689;25,51;3,139;10,017;5,545;15,528;0;21,288;2,537;0
"306";1,402;4,469;2,638;8,942;16,708;37,124;13,738;0;13,271;1,709;0
"307";2,664;4,561;4,229;9,723;4,41;0;21,813;0;48,356;4,244;0
"308";4,044;20,234;13,767;2,307;5,515;11,418;12,831;0;25,07;4,813;0
"309";10,44;6,328;21,812;2,427;18,901;4,771;7,674;0;26,287;1,359;0
"310";4,995;13,23;18,922;8,573;7,638;5,968;17,326;0;20,708;2,64;0
"311";0,894;2,713;8,167;61,999;2,611;2,049;5,786;0;14,165;1,617;0
"312";0;17,1;13,87;2,5;8,749;14,067;6,992;0;34,671;2,05;0
"313";2,912;15,368;6,582;1,894;3,52;8,917;5,124;0;55,053;0,63;0
"314";2,232;24,255;9,647;8,628;6,542;8,4;12,266;0;26,452;1,578;0
"315";0,449;75,756;1,211;0,336;11,568;2,766;2,606;0;4,041;1,266;0
"316";0;13,638;6,156;1,996;38,985;3,053;8,564;0;24,504;3,105;0
"317";0;17,403;6,053;5,475;11,982;3,076;12,208;0;40,856;2,947;0
"318";2,134;11,707;4,402;10,383;4,308;8,676;19,471;0;34,647;4,272;0
"319";0,784;1,721;4,738;3,41;1,445;6,542;2,891;0;36,817;41,651;0
"320";1,085;3,76;5,652;0,844;1,057;0,484;3,975;0;82,209;0,935;0
"321";7,749;18,671;7,11;3,894;5,7;18,894;10,961;0;26,352;0,669;0
"322";2,839;6,817;5,067;4,824;4,856;12,912;11,976;0;39,405;11,306;0
"323";0,533;12,264;6,307;16,143;2,365;19,037;12,341;0;29,547;1,463;0
"324";2,193;35,315;3,848;1,653;5,907;8,837;17,202;0;24,245;0,8;0
"325";1,663;30,892;2,426;1,171;4,592;45,072;4,944;0;8,124;1,116;0
"326";0;19,271;13,486;15,834;7,03;2,914;10,942;0;27,62;2,903;0
"327";4,71;15,1;4,381;1,947;2,865;13,021;21,535;0;35,955;0,487;0
"328";3,732;11,2;37,159;1,515;7,305;6,717;12,095;0;19,406;0,871;0
"329";3,826;4,617;4,502;0,658;4,923;1,884;8,277;0;70,183;1,132;0
"330";2,736;4,109;4,309;1,059;1,769;7,872;65,149;0;12,216;0,779;0
"331";2,27;14,069;11,972;6,283;10,615;8,493;16,385;0;27,436;2,477;0
"332";1,216;4,299;17,403;1,85;3,174;4,562;15,927;0;50,606;0,963;0
"333";1,696;3,875;4,179;0,606;2,017;4,961;5,425;0;76,747;0,494;0
"334";6,342;9,955;12,104;3,873;6,613;10,141;10,574;0;38,884;1,515;0
"335";2,001;22,984;10,423;1,002;6,617;29,304;8,047;0;18,545;1,077;0
"336";3,807;6,805;7,783;2,288;11,104;25,393;4,326;0;37,5;0,993;0
"337";3,101;3,748;6,28;1,564;9,157;9,244;38,216;0;28,275;0,415;0
"338";3,611;10,518;8,238;6,059;30,611;3,335;14,099;0;16,835;6,695;0
"339";2,923;16,177;3,092;2,429;3,72;4,322;20,394;0;37,624;9,319;0
"340";0;40,79;18,071;1,402;5,57;1,436;17,827;0;12,1;2,805;0
"341";3,188;22,326;3,695;4,173;7,406;3,457;29,115;0;22,384;4,255;0
"342";1,936;12,942;11,34;3,171;4,49;42,73;8,272;0;10,901;4,218;0
"343";0;5,767;8,048;4,133;17,43;7,554;12,739;0;40,086;4,243;0
"344";2,053;32,902;10,201;8,21;7,357;3,474;10,516;0;22,031;3,257;0
"345";1,609;5,897;2,526;2,916;2,755;52,432;15,858;0;8,094;7,913;0
"346";1,436;26,597;34,281;0,965;3,971;4,215;7,675;0;18,612;2,248;0
"347";0,776;39,845;3,476;0,817;5,886;0,894;3,653;0;33,604;11,049;0
"348";3,728;40,044;8,184;1,548;4,79;4,012;7,87;0;28,89;0,935;0
"349";1,626;37,211;7,494;2,062;2,945;4,665;9,495;0;28,95;5,552;0
"350";0;3,939;2,995;24,257;2,772;16,374;34,178;0;14,565;0,919;0
"351";8,914;10,419;14,1;5,411;5,146;10,746;28,209;0;14,143;2,91;0
"352";5,632;6,303;14,422;2,618;4,824;19,703;15,011;0;21,21;10,276;0
"353";3,657;15,352;13,564;7,217;11,16;1,94;16,961;0;28,32;1,829;0
"354";7,456;12,644;7,911;28,385;12,463;4,768;15,232;0;9,47;1,671;0
"355";0;9,329;9,035;3,537;13,653;11,165;9,135;0;42,809;1,335;0
"356";4,078;10,37;21,553;14,812;25,588;2,53;7,729;0;12,322;1,019;0
"357";3,514;10,788;5,169;3,553;5,856;4,718;7,004;0;53,416;5,982;0
"358";2,432;7,077;16,716;2,605;15,144;8,279;12,748;0;25,493;9,505;0
"359";2,703;43,278;4,261;1,646;7,361;7,444;5,769;0;26,697;0,843;0
"360";2,939;14,989;19,078;4,401;5,814;21,598;8,13;0;22,373;0,676;0
"361";0;9,428;4,77;5,257;5,421;4,087;11,018;0;20,347;39,673;0
"362";2,297;8,756;11,97;9,587;5,898;13,709;22,235;0;23,5;2,049;0
"363";11,75;6,551;8,783;2,671;3,173;38,9;10,909;0;15,6;1,663;0
"364";39,545;4,204;13,222;1,306;5,412;6,195;5,338;0;19,653;5,126;0
"365";20,944;16,671;7,214;4,201;3,848;2,266;9,552;0;26,922;8,382;0
"366";2,353;3,219;9,558;6,718;3,564;4,467;48,532;0;20,004;1,584;0
"367";2,594;7,95;15,916;6,115;5,223;29,873;11,303;0;19,501;1,525;0
"368";23,821;12,521;5,449;3,306;6,127;8,986;17,933;0;19,021;2,837;0
"369";2,806;11,078;13,084;10,361;4,723;29,32;5,201;0;16,595;6,832;0
"370";0,84;56,541;2,918;2,103;2,368;21,17;6,873;0;6,397;0,79;0
"371";0;10,331;10,499;2,348;9,774;7,722;11,05;0;46,129;2,147;0
"372";2,019;4,456;9,688;0,632;2,919;54,969;8,188;0;13,516;3,613;0
"373";0;4,577;9,221;1,454;4,795;45,568;7,593;0;24,996;1,797;0
"374";15,01;8,121;11,074;5,584;10,408;18,292;9,149;0;20,974;1,389;0
"375";1,251;14,673;3,45;1,86;48,239;1,783;7,455;0;19,606;1,684;0
"376";14,456;4,807;9,753;10,62;7,354;24,454;14,062;0;13,544;0,951;0
"377";2,839;7,332;24,389;5,203;13,107;5,432;8,815;0;31,261;1,622;0
"378";2,423;15,504;22,425;9,635;4,831;5,079;5,989;0;32,456;1,658;0
"379";1,055;3,867;79,565;1,133;3,07;2,539;4,013;0;4,439;0,32;0
"380";0,852;6,039;8,398;2,212;4,71;53,412;12,619;0;10,902;0,858;0
"381";8,449;8,442;8,417;6,363;5,654;23,43;13,665;0;22,756;2,823;0
"382";2,082;6,264;72,159;2,864;5,969;1,043;2,073;0;7,156;0,39;0
"383";16,291;6,656;5,635;3,339;6,566;14,204;15,493;0;19,837;11,979;0
"384";1,304;11,734;18,813;4,022;19,44;8,288;15,636;0;18,352;2,41;0
"385";2,898;6,64;24,514;2,437;12,174;5,125;5,661;0;39,479;1,071;0
"386";1,122;2,236;2,485;2,138;2,523;75,656;4,968;0;7,822;1,05;0
"387";0,814;1,81;0,741;1,614;0,466;91,839;0,689;0;1,872;0,155;0
"388";1,174;7,034;42,541;0,979;10,804;1,72;13,548;0;21,273;0,926;0
"389";6,992;5,906;34,918;1,231;4,48;23,084;6,173;0;11,676;5,539;0
"390";17,691;8,005;14,728;5,028;7,024;5,737;17,411;0;21,521;2,857;0
"391";0,919;2,497;68,115;4,089;3,949;1,696;3,959;0;14,122;0,654;0
"392";2,436;32,781;11,926;3,418;6,482;2,549;8,857;0;28,093;3,459;0
"393";1,172;3,991;4,96;2,77;7,026;56,215;6,641;0;15,679;1,545;0
"394";18,001;10,979;5,139;13,298;11,748;0;22,943;0;13,905;3,987;0
"395";1,942;16,915;24,626;3,22;3,57;3,207;10,775;0;34,782;0,963;0
"396";50,613;3,582;13,099;0,574;4,32;4,216;16,692;0;6,048;0,855;0
"397";2,077;22,541;8,274;7,587;13,667;3,443;8,405;0;28,932;5,075;0
"398";3,628;28,315;4,168;1,224;6,649;31,88;6,991;0;13,162;3,984;0
"399";5,571;4,407;4,652;2,213;5,681;7,198;28,777;0;36,364;5,137;0
"400";0;1,08;0,968;1,194;0,968;87,753;2,805;0;4,837;0,395;0
"401";8,035;11,248;13,415;3,147;21,612;7,945;15,172;0;17,33;2,096;0
"402";2,67;11,52;39,521;2,661;2,1;17,044;11,026;0;11,001;2,456;0
"403";4,484;13,364;8,978;10,06;12,05;3,018;22,528;0;23,499;2,019;0
"404";1,743;12,03;13,18;7,105;22,778;4,18;10,837;0;26,493;1,654;0
"405";1,973;41,574;15,425;3,566;5,426;10,286;9,202;0;10,925;1,624;0
"406";7,02;15,14;10,59;8,604;6,954;3,373;28,426;0;16,592;3,301;0
"407";5,45;4,066;10,636;1,832;5,183;1,822;32,366;0;37,368;1,277;0
"408";1,853;4,872;5,913;7,16;7,282;5,63;6,932;0;54,977;5,382;0
"409";1,27;5,913;24,946;1,391;3,592;2,172;4,011;0;55,736;0,971;0
"410";1,905;6,414;18,051;5,67;1,736;0,937;1,852;0;62,655;0,779;0
"411";0,693;11,572;5,147;1,485;3,581;11,925;17,516;0;33,108;14,972;0
"412";10,428;14,19;5,116;1,684;16,533;24,511;14,182;0;11,941;1,415;0
"413";1,731;19,89;16,864;2,884;6,085;3,637;11,825;0;34,407;2,677;0
"414";1,278;10,443;24,77;3,884;4,181;2,842;6,032;0;45,559;1,01;0
"415";3,147;2,426;29,346;1,605;14,341;2,05;8,743;0;24,891;13,451;0
"416";1,392;6,707;14,43;2,87;12,141;23,139;23,923;0;14,103;1,295;0
"417";27,128;22,782;7,519;3,354;14,693;0,612;8,539;0;14,353;1,019;0
"418";0;11,054;6,849;45,758;3,4;2,36;3,813;0;23,236;3,53;0
"419";1,198;3,762;6,962;0,941;59,774;3,579;5,144;0;17,719;0,921;0
"420";12,319;6,005;7,762;4,456;14,158;19,237;11,766;0;21,219;3,079;0
"421";0;5,816;12,296;26,33;6,873;1,457;12,15;0;33,261;1,817;0
"422";4,499;21,649;16,794;6,666;6,773;7,923;11,083;0;22,248;2,365;0
"423";2,853;23,052;15,304;1,839;3,564;19,261;8,737;0;24,07;1,321;0
"424";2,398;4,625;12,341;0,773;3,602;23,916;11,813;0;20,931;19,602;0
"425";16,183;12,28;6,613;3,797;6,084;1,829;23,295;0;29,125;0,796;0
"426";1,542;4,461;61,011;2,058;6,425;6,058;5,108;0;12,184;1,153;0
"427";0;10,468;8,697;1,595;8,791;3,772;20,757;0;44,47;1,449;0
"428";8,516;8,073;8,66;1,846;5,706;26,476;19,002;0;19,823;1,897;0
"429";5,124;2,718;27,803;1,411;11,56;5,408;28,395;0;15,865;1,715;0
"430";0,171;0,579;21,909;1,418;0,2;0,115;0,612;0;74,718;0,279;0
"431";0,968;5,459;47,568;2,069;4,857;4,64;17,044;0;15,297;2,099;0
"432";2,274;7,001;50,183;2,558;4,199;5,352;5,203;0;21,596;1,634;0
"433";7,004;5,177;6,069;6,137;7,733;12,846;6,89;0;42,166;5,977;0
"434";1,127;4,941;4,536;6,878;6,772;39,437;15,799;0;19,023;1,486;0
"435";0,202;90,894;0,896;0,469;0,69;0,773;1,094;0;4,796;0,185;0
"436";1,493;62,78;7,395;11,734;3,837;1,861;3,553;0;6,991;0,357;0
"437";1,13;3,687;53,047;8,979;4,653;3,27;8,128;0;16,135;0,971;0
"438";1,521;47,564;3,66;0,751;10,097;17,829;7,669;0;10,082;0,827;0
"439";1,056;18,521;13,907;8,803;4,209;5,58;10,85;0;34,946;2,128;0
"440";0;11,759;17,902;1,06;12,965;1,678;34,427;0;18,419;1,79;0
"441";1,318;5,885;8,743;1,999;16,953;12,545;6,156;0;45,629;0,771;0
"442";3,11;14,654;7,017;5,823;7,093;11,44;7,941;0;28,86;14,062;0
"443";12,448;3,504;4,434;0,512;2,867;46,685;1,564;0;27,659;0,328;0
"444";1,31;11,857;3,853;3,858;3,035;3,642;39,365;0;30,303;2,778;0
"445";0;4,591;15,509;6,003;11,47;13,233;11,661;0;35,537;1,997;0
"446";3,941;8,015;6,753;1,837;9,205;28,134;22,855;0;16,716;2,544;0
"447";2,139;19,004;7,7;14,738;15,588;21,154;6,4;0;11,621;1,657;0
"448";2,476;2,424;6,513;7,442;19,45;6,235;7,876;0;45,914;1,669;0
"449";17,116;31,974;8,717;2,297;5,759;2,704;14,992;0;14,828;1,613;0
"450";1,429;3,5;75,104;3,316;1,744;5,062;5,78;0;3,643;0,421;0
"451";4,356;6,766;5,956;7,741;14,591;31,395;6,509;0;18,581;4,106;0
"452";0,836;6,039;3,947;0,269;1,102;1,328;3,098;0;82,811;0,57;0
"453";1,609;12,135;8,138;1,378;11,964;3,129;10,974;0;48,899;1,773;0
"454";2,711;15,212;5,602;2,295;12,019;2,255;20,343;0;37,505;2,058;0
"455";0,661;2,606;7,689;0,706;1,924;1,183;3,819;0;81,027;0,386;0
"456";3,073;26,808;5,264;2,601;3,74;41,025;6,353;0;9,688;1,447;0
"457";0;40,243;12,105;6,722;3,111;6,594;13,32;0;15,979;1,925;0
"458";8,48;10,212;11,729;2,595;11,63;11,074;23,185;0;20,08;1,014;0
"459";7,088;4,998;44,168;2,519;6,504;4,851;6,79;0;21,72;1,363;0
"460";3,669;4,24;8,927;5,895;18,441;7,835;11,312;0;38,339;1,341;0
"461";0;14,097;6,446;10,335;17,448;0,88;18,23;0;29,198;3,367;0
"462";0;8,318;38,64;2,75;2,916;6,874;6,035;0;33,328;1,137;0
"463";1,728;7,385;4,303;2,444;9,848;2,53;12,984;0;56,016;2,762;0
"464";3,342;4,761;28,542;3,189;2,924;2,999;13,446;0;39,793;1,004;0
"465";12,241;4,156;9,197;7,62;16,878;4,25;21,294;0;23,56;0,804;0
"466";3,476;37,883;6,402;9,693;5,327;10,562;7,298;0;17,229;2,13;0
"467";4,32;9,433;6,573;10,171;27,14;1,899;17,886;0;21,082;1,494;0
"468";0;23,659;11,57;2,097;13,354;5,193;10,379;0;32,232;1,516;0
"469";8,83;4,012;18,263;3,848;8,194;36,421;8,941;0;10,107;1,384;0
"470";1,123;5,877;5,452;2,078;4,688;6,947;9,359;0;61,472;3,003;0
"471";2,957;3,791;7,542;1,6;10,346;35,03;12,079;0;24,868;1,787;0
"472";3,838;4,913;5,436;3,341;4,46;17,549;26,718;0;32,543;1,203;0
"473";2,647;6,55;10,107;4,732;6,418;18,551;5,996;0;42,964;2,036;0
"474";2,84;5,042;4,7;4,872;12,052;5,069;41,185;0;21,749;2,493;0
"475";1,078;9,696;6,58;1,919;2,632;2,022;6,385;0;68,889;0,799;0
"476";0,633;86,327;3,515;0,308;2,049;1,098;3,08;0;2,479;0,511;0
"477";3,207;30,827;5,752;20,491;5,719;2,6;11,107;0;18,652;1,645;0
"478";0;8,544;21,823;11,858;8,583;13,155;8,39;0;26,752;0,896;0
"479";2,583;11,949;10,182;2,386;6,332;23,876;16,368;0;23,515;2,808;0
"480";9,19;11,1;5,176;5,882;6,616;2,949;7,281;0;49,881;1,927;0
"481";0,877;5,739;20,942;2,256;19,957;4,225;13,365;0;31,422;1,218;0
"482";1,967;12,173;4,923;1,049;20,313;5,564;5,727;0;46,779;1,505;0
"483";8,205;4,752;9,658;15,223;8,699;8,074;15,521;0;28,334;1,534;0
"484";0;32,872;5,214;1,372;9,471;16,585;4,5;0;26,883;3,103;0
"485";0;6,617;22,372;9,259;8,842;16,211;18,617;0;10,858;7,224;0
"486";0;7,83;26,083;13,96;5,955;0,687;29,921;0;12,406;3,158;0
"487";1,249;11,179;7,715;3,553;9,92;13,625;9,728;0;42,05;0,982;0
"488";5,987;12,319;13,778;5,863;7,949;13,978;18,955;0;18,621;2,55;0
"489";0,35;76,514;1,39;2,676;1,981;8,648;3,732;0;3,852;0,857;0
"490";0,761;0,972;12,456;0,991;0,679;50,078;3,307;0;30,252;0,502;0
"491";3,261;12,365;10,798;1,858;6,888;9,538;11,337;0;42,463;1,492;0
"492";3,833;5,563;10,224;4,044;8,836;14,765;17,34;0;32,584;2,811;0
"493";79,336;0,859;1,473;0,257;1,776;6,565;6,005;0;2,875;0,855;0
"494";3,202;6,898;10,866;1,978;8,023;3,57;10,209;0;52,515;2,738;0
"495";4,119;10,23;28,533;6,998;5,004;5,202;17,839;0;19,792;2,283;0
"496";2,448;7,191;7,496;3,68;6,804;3,478;33,694;0;25,934;9,275;0
"497";0,904;2,069;4,245;1,03;1,273;1,709;2,61;0;83,495;2,665;0
"498";7,201;9,535;9,054;4,259;6,358;9,962;8,309;0;42,935;2,387;0
"499";4,199;12,927;7,822;4,653;30,265;2,067;12,082;0;22,514;3,471;0
"500";7,905;3,681;2,956;3,134;6,051;6,658;11,081;0;57,425;1,109;0
"501";0;11,618;6,609;8,263;23,557;3,172;17,444;0;27,778;1,56;0
"502";0;9,916;15,597;6,732;6,846;2,466;12,411;0;43,913;2,119;0
"503";2,641;4,982;20,911;21,126;4,749;4,228;7,022;0;33,062;1,28;0
"504";10,241;10,904;10,598;3,452;5,992;13,533;11,197;0;31,599;2,484;0
"505";5,139;8,029;7,988;4,744;4,981;3,881;20,962;0;42,143;2,132;0
"506";0,306;2,713;86,645;1,282;1,565;3,253;1,679;0;2,09;0,467;0
"507";3,784;11,681;11,127;3,679;12,814;3,758;21,47;0;30,063;1,626;0
"508";4,536;30,692;9,357;2,905;8,882;11,042;12,169;0;19,408;1,01;0
"509";9,543;2,214;2,91;1,551;53,074;7,119;3,339;0;13,555;6,694;0
"510";1,639;52,716;1,761;1,187;5,222;19,804;7,521;0;8,079;2,07;0
"511";3,515;8,326;6,042;2,416;24,051;0,736;8,954;0;44,537;1,422;0
"512";5,46;5,81;20,15;2,62;11,653;18,299;12,265;0;19,92;3,821;0
"513";7,863;10,928;5,594;4,333;14,392;4,528;8,974;0;40,996;2,391;0
"514";1,588;7,903;36,962;4,749;3,508;8,467;15,421;0;19,167;2,236;0
"515";2,527;19,821;5,398;10,577;8,227;10,779;21,421;0;20,104;1,145;0
"516";0;18,472;20,254;5,617;8,559;17,351;12,611;0;15,251;1,884;0
"517";3,192;8,122;10,216;7,211;11,31;35,319;10,123;0;12,304;2,203;0
"518";4,452;33,616;9,327;9,091;9,824;4,62;9,023;0;17,201;2,845;0
"519";2,553;2,03;2,218;11,93;6,778;9,44;11,4;0;52,716;0,936;0
"520";2,857;5,285;14,079;4,491;11,548;2,221;19,081;0;37,543;2,895;0
"521";0,699;0,514;0,79;0,421;2,839;7,839;1,725;0;85,022;0,149;0
"522";7,355;7,735;13,678;6,054;7,161;16,112;15,972;0;21,42;4,513;0
"523";1,518;19,317;3,812;1,119;4,36;32,92;6,094;0;28,488;2,373;0
"524";5,555;10,943;24,722;3,1;5,386;8,005;6,694;0;27,365;8,23;0
"525";13,903;18,944;5,224;4,163;12,858;5,495;10,902;0;24,665;3,847;0
"526";0,404;1,955;2,397;2,117;2,003;65,012;17,67;0;6,115;2,327;0
"527";7,285;12,252;8,17;2,556;6,114;3,078;24,383;0;34,282;1,88;0
"528";2,736;19,385;8,974;6,019;8,473;5,26;9,616;0;37,58;1,957;0
"529";13,452;12,003;13,404;2,754;9,877;18,629;8,061;0;19,063;2,758;0
"530";2,579;10,261;9,908;12,266;7,943;20,559;18,019;0;17,45;1,015;0
"531";0,677;81,918;7,428;0,273;0,934;1,107;3,431;0;3,984;0,247;0
"532";1,314;6,617;76,591;0,547;3,383;4,813;2,072;0;4,363;0,299;0
"533";3,514;18,661;5,254;3,418;20,143;3,494;9,139;0;31,972;4,404;0
"534";1,003;56,723;4,453;0,632;3,118;3,256;7,533;0;22,459;0,823;0
"535";0;9,507;10,23;6,798;17,477;2,564;8,886;0;43,727;0,811;0
"536";0,469;0,9;3,463;0,27;1,99;62,298;12,162;0;18,144;0,304;0
"537";0;15,847;1,674;14,056;1,452;3,273;4,554;0;58,839;0,304;0
"538";1,071;81,986;1,288;0,712;1,805;0,995;8,987;0;2,852;0,305;0
"539";1,122;4,984;2,917;1,2;8,499;0,629;22,394;0;56,023;2,231;0
"540";1,921;13,184;7,312;3,096;14,422;5,247;14,721;0;33,795;6,302;0
"541";3,216;6,824;18,383;4,337;13,1;10,726;15,361;0;27,031;1,021;0
"542";14,448;26,303;14,303;3,569;5,677;2,373;11,888;0;20,182;1,257;0
"543";0;3,521;5,815;1,728;3,664;42,573;8,641;0;11,125;22,932;0
"544";0;7,572;23,348;2,097;5,251;19,187;13,554;0;26,874;2,116;0
"545";12,938;8,86;6,961;8,887;6,412;5,383;9,986;0;38,964;1,608;0
"546";3,135;6,857;18,261;3,878;7,003;4,78;12,805;0;32,714;10,568;0
"547";6,224;4,044;11,559;2,176;17,309;7,03;14,149;0;27,741;9,767;0
"548";1,133;5,305;4,864;2,623;8,299;0,782;2,898;0;72,758;1,338;0
"549";4,982;7,035;8,106;3,381;15,806;8,235;10,441;0;25,135;16,879;0
"550";13,056;5,538;6,767;1,305;1,672;17,337;27,584;0;6,882;19,858;0
"551";2,723;4,073;5,121;4,91;2,077;56,408;8,752;0;14,537;1,399;0
"552";3,022;3,452;15,007;9,281;3,217;1,588;4,091;0;59,537;0,804;0
"553";4,598;4,456;8,143;4,469;4,28;1,218;61,241;0;10,39;1,206;0
"554";68,514;9,814;1,439;6,958;2,211;0,999;2,867;0;6,55;0,649;0
"555";1,424;24,428;10,783;5,484;14,943;2,055;15,079;0;23,114;2,691;0
"556";6,615;8,578;4,372;2,217;6,507;23,02;13,813;0;33,737;1,142;0
"557";0,61;10,293;23,345;0,622;3,697;5,662;3,348;0;50,593;1,83;0
"558";3,574;10,536;13,322;3,428;5,817;3,511;27,241;0;31,311;1,261;0
"559";2,21;8,959;33,741;1,462;8,007;8,706;18,168;0;16,56;2,188;0
"560";3,651;5,672;11,222;2,621;8,89;4,904;41,856;0;19,455;1,729;0
"561";11,347;20,218;6,062;3,025;8,885;13,175;13,063;0;21,998;2,228;0
"562";0;6,23;27,74;1,522;9,711;11,018;8,343;0;33,045;2,392;0
"563";0;7,879;20,764;2,935;5,838;10,256;27,06;0;21,199;4,07;0
"564";9,06;24,09;15,576;6,506;7,921;3,627;11,254;0;19,354;2,612;0
"565";1,202;2,011;10,361;11,198;55,063;3,963;6,635;0;8,567;1,002;0
"566";2,893;3,55;8,841;1,74;7,539;5,428;12,584;0;56,447;0,976;0
"567";2,687;4,846;12,227;6,656;10,088;13,449;14,128;0;27,472;8,449;0
"568";3,019;6,229;11,274;1,443;4,264;4,352;8,37;0;58,91;2,139;0
"569";1,014;9,326;17,557;8,991;6,19;5,444;8,875;0;36,938;5,666;0
"570";0,988;4,257;12,33;3,599;14,452;8,158;5,028;0;47,549;3,639;0
"571";4,846;3,026;11,606;6;5,848;36,453;18,604;0;11,485;2,132;0
"572";2,347;34,343;7,093;8,283;6,869;15,181;13,035;0;10,688;2,161;0
"573";3,66;35,437;3,565;2,909;10,027;10,755;17,501;0;12,278;3,867;0
"574";0,594;43,356;1,852;1,133;3,714;0,592;3,896;0;44,037;0,827;0
"575";7,399;8,234;7,944;3,371;6,418;11,894;24,614;0;27,741;2,385;0
"576";0;10,573;6,435;3,363;5,884;53,126;9,131;0;8,125;3,363;0
"577";2,873;1,899;17,777;37;2,459;6,152;25,266;0;5,77;0,804;0
"578";0,615;10,03;1,517;4,963;5,438;7,919;4,033;0;63,242;2,242;0
"579";0,856;5,39;8,55;2,353;12,609;10,335;8,272;0;48,683;2,952;0
"580";2,742;12,456;31,447;4,526;6,819;4,842;6,495;0;29,373;1,299;0
"581";0;11,226;29,288;2,043;4,43;9,272;26,965;0;13,659;3,118;0
"582";4,933;25,633;8,095;3,567;4,377;2,65;21,099;0;28,448;1,197;0
"583";0,798;55,38;5,556;1,179;3,299;8,626;6,748;0;17,685;0,728;0
"584";2,646;16,591;18,649;1,454;11,049;1,884;15,445;0;29,935;2,345;0
"585";6,201;7,12;6,461;3,085;4,345;25,274;12,785;0;30,917;3,812;0
"586";3,23;30,547;18,429;3,528;6,224;11,511;7,803;0;15,949;2,778;0
"587";6,418;30,791;4,854;2,686;3,631;6,598;9,853;0;32,791;2,378;0
"588";9,247;3,649;4,392;1,229;2,972;51,041;16,043;0;9,242;2,184;0
"589";0;21,174;11,541;3,121;7,706;0;20,189;0;29,533;6,736;0
"590";4,377;35,005;9,748;4,179;3,814;4,077;11,567;0;24,619;2,614;0
"591";67,063;5,161;1,438;0,747;1,694;13,469;3,633;0;6,091;0,703;0
"592";3,272;2,035;71,763;0,739;2,863;1,251;5,566;0;11,084;1,427;0
"593";22,647;6,315;11,747;2,279;10,626;2,597;10,318;0;32,898;0,574;0
"594";1,796;12,449;10,744;2,217;9,867;2,723;14,869;0;36,636;8,699;0
"595";0;7,669;9,225;1,315;4,363;13,433;43,008;0;18,464;2,524;0
"596";1,179;7,768;14,087;20,074;5,031;21,834;7,794;0;20,634;1,6;0
"597";5,713;5,038;6,888;11,648;4,149;7,964;25,033;0;29,607;3,96;0
"598";1,027;7,159;11,281;2,974;6,593;3,103;13,478;0;51,288;3,097;0
"599";16,202;11,672;9,823;22,896;5,061;2,158;10,93;0;16,575;4,683;0
"600";10,124;6,638;24,019;1,423;5,916;29,865;11,14;0;8,392;2,484;0
"601";1,029;23,153;4,017;1,283;4,738;16,635;12,662;0;34,262;2,22;0
"602";33,009;10,036;8,076;1,089;4,669;15,33;6,203;0;20,549;1,039;0
"603";39,824;3,128;4,807;1,324;1,818;8,37;18,506;0;16,585;5,638;0
"604";1,148;4,191;1,21;81,976;1,511;0,665;4,988;0;3,427;0,884;0
"605";0;4,041;10,717;1,158;39,537;23,394;4,454;0;14,79;1,91;0
"606";2,051;3,628;8,397;15,533;3,699;7,254;9,327;0;39,831;10,28;0
"607";9,266;4,822;5,017;2,819;7,004;40,296;5,444;0;24,093;1,238;0
"608";3,557;12,695;6,69;10,21;8,693;14,227;11,511;0;29,104;3,313;0
"609";1,785;14,56;9,385;1,47;10,804;34,569;6,912;0;19,175;1,338;0
"610";4,6;3,044;7,001;11,925;6,772;12,609;12,244;0;40,733;1,072;0
"611";9,264;8,024;10,064;7,47;18,177;16,321;10,019;0;17,615;3,048;0
"612";3,879;3,927;50,543;2,002;4,316;6,65;3,87;0;23,365;1,449;0
"613";3,256;19,567;11,525;9,955;7,373;2,084;18,869;0;24,228;3,142;0
"614";2,788;3,699;16,208;1,566;6,163;3,375;37,189;0;26,479;2,532;0
"615";0,645;13,971;1,865;72,98;2,356;0,548;3,658;0;3,503;0,473;0
"616";8,909;6,877;9,437;8,458;17,623;16,591;10,15;0;17,454;4,502;0
"617";2,528;24,684;5,834;3,561;5,381;5,945;16,481;0;26,286;9,299;0
"618";2,653;3,803;6,071;28,234;7,492;12,015;18,905;0;15,354;5,474;0
"619";1,122;1,034;2,977;0,744;7,389;0,971;3,613;0;81,281;0,869;0
"620";2,548;3,686;43,475;3,225;5,237;4,356;9,197;0;27,176;1,101;0
"621";1,948;1,91;6,283;53,329;11,765;4,581;8,235;0;11,395;0,555;0
"622";5,395;39,522;11,581;8,302;4,384;6,467;12,532;0;10,899;0,919;0
"623";2,511;10,693;8,417;2,289;7,811;36,601;16,543;0;12,782;2,352;0
"624";4,217;10,12;9,467;9,555;8,776;3,896;14,48;0;37,658;1,831;0
"625";8,27;9,832;12,273;3,223;8,866;12,188;15,347;0;18,503;11,499;0
"626";1,933;7,486;10,206;10,817;5,095;30,344;9,145;0;23,66;1,313;0
"627";1,16;5,349;2,328;7,202;5,71;2,088;3,596;0;71,431;1,135;0
"628";7,269;8,495;8,918;8,595;5,702;23,038;7,438;0;24,736;5,808;0
"629";1,547;10,371;6,361;6,259;3,938;8,969;13,286;0;45,932;3,337;0
"630";3,043;14,485;9,827;7,012;6,609;18,276;13,29;0;22,326;5,132;0
"631";2,708;6,616;14,268;3,003;30,046;13,174;8,535;0;20,942;0,708;0
"632";15,666;19,458;22,888;2,52;4,223;2,301;17,123;0;12,473;3,347;0
"633";0;7,227;10,302;3,229;7,229;9,771;20,17;0;17,705;24,368;0
"634";1,214;38,956;2,32;4,373;2,695;4,745;9,187;0;11,088;25,423;0
"635";3,227;18,622;7,297;6,149;5,438;17,355;4,701;0;34,473;2,737;0
"636";1,024;6,609;60,115;4,008;5,169;2,665;7,391;0;11,686;1,334;0
"637";2,737;37,531;31,741;5,884;2,902;7,139;2,706;0;8,709;0,651;0
"638";8,83;4,362;19,509;2,922;8,585;15,19;5,141;0;31,321;4,139;0
"639";3,739;4,285;23,723;27,331;6,351;1,865;6,609;0;24,621;1,475;0
"640";3,623;4,55;6,371;1,132;4,538;10,843;8,887;0;59,088;0,967;0
"641";1,89;5,579;4,636;2,849;6,119;2,491;30,448;0;42,837;3,151;0
"642";5,778;17,804;12,165;6,477;11,008;12,148;17,521;0;15,959;1,14;0
"643";2,512;22,045;18,995;5,883;9,685;14,446;7,201;0;17,631;1,602;0
"644";1,776;0,923;4,969;75,51;3,805;1,738;2,364;0;8,283;0,631;0
"645";14,643;11,573;5,745;1,624;11,32;5,566;16,835;0;31,78;0,915;0
"646";1,207;19,056;8,59;0,966;5,403;4,392;6,834;0;52,888;0,666;0
"647";16,226;7,706;10,92;5,1;7,776;14,704;8,439;0;24,119;5,01;0
"648";4,034;5,545;3,135;2,122;3,757;7,756;7,185;0;64,356;2,11;0
"649";25,175;5,815;8,993;2,681;8,605;6,961;13,134;0;26,588;2,048;0
"650";3,798;37,785;10,2;3,08;4,077;8,868;5,916;0;23,767;2,509;0
"651";0;4,585;6,6;11,564;6,565;3,263;28,536;0;35,832;3,055;0
"652";4,832;10,803;15,354;3,38;6,355;8,889;24,14;0;24,564;1,683;0
"653";9,963;24,672;5,696;13,16;3,902;9,023;13,279;0;19,271;1,034;0
"654";3,016;10,463;14,645;1,285;6,854;14,101;6,74;0;40,399;2,497;0
"655";5,068;7,643;6,3;1,54;7,153;23,733;8,425;0;38,419;1,718;0
"656";1,447;18,688;12,337;2,858;5,256;2,631;13,412;0;40,994;2,376;0
"657";0;9,772;6,587;8,529;6,083;18,212;18,737;0;29,84;2,24;0
"658";0,723;32,414;12,714;2,146;7,856;4,556;9,764;0;24,016;5,811;0
"659";0,737;1,988;3,235;3,83;2,135;2,617;3,709;0;81,217;0,532;0
"660";3,877;17,683;9,047;4,014;8,41;8,28;12,981;0;29,12;6,589;0
"661";8,621;5,21;6,076;4,736;16,684;5,643;22,097;0;28,449;2,484;0
"662";3,727;4,232;4,798;5,016;7,299;51,463;6,051;0;16,106;1,307;0
"663";0,309;1,529;0,571;0,152;0,779;0,24;1,097;0;95,193;0,13;0
"664";3,02;4,605;2,516;8,764;4,612;7,846;23,637;0;44,341;0,66;0
"665";1,947;7,894;10,853;5,151;15,062;4,85;22,933;0;28,971;2,339;0
"666";4,427;3,754;4,852;4,603;3,695;17,103;4,854;0;55,306;1,406;0
"667";3,217;22,754;22,396;10,557;11,921;5,584;11,935;0;10,288;1,346;0
"668";4,842;16,813;6,799;7,106;6,422;3,366;22,961;0;29,706;1,985;0
"669";5,631;8,925;26,763;1,847;7,85;4,499;14,056;0;28,504;1,924;0
"670";10,864;11,789;22,852;3,191;6,498;6,46;18,072;0;19,565;0,708;0
"671";0;12,116;1,814;1,144;3,112;51,803;4,966;0;14,989;10,056;0
"672";3,968;3,145;40,736;3,994;4,715;8,425;9,883;0;24,164;0,97;0
"673";3,24;12,183;23,423;2,606;11,643;10,309;11,936;0;23,15;1,509;0
"674";3,278;4,645;34,73;5,094;4,587;3,283;9,045;0;33,049;2,289;0
"675";1,246;3,325;8,018;13,248;5,636;13,913;23,315;0;29,594;1,705;0
"676";55,615;24,428;2,332;2,012;1,632;3,887;2,988;0;5,878;1,229;0
"677";5,572;6,06;8,227;3,696;8,765;1,865;11,335;0;49,811;4,669;0
"678";1,284;1,991;1,989;0,582;1,068;86,195;1,938;0;4,675;0,279;0
"679";0,715;2,994;30,062;3,443;8,048;4,609;11,836;0;27,112;11,181;0
"680";3,652;4,492;4,977;8,596;9,296;29,521;9,402;0;27,064;2,999;0
"681";1,886;5,898;7,766;18,547;5,452;7,834;11,56;0;39,467;1,59;0
"682";1,609;7,025;15,432;3,376;14,874;4;16,81;0;34,227;2,646;0
"683";7,476;6,16;21,262;10,361;6,487;7,447;27,527;0;12,204;1,077;0
"684";2,077;1,804;2,299;0,642;1,251;57,451;0,973;0;32,991;0,512;0
"685";0;9,705;6,018;2,818;8,023;5,302;19,103;0;44,622;4,408;0
"686";1,758;7,368;15,513;2,198;1,808;4,758;56,997;0;8,708;0,892;0
"687";2,206;43,13;6,998;9,859;4,685;3,907;11,708;0;15,276;2,231;0
"688";1,705;66,113;3,42;0,826;0,743;2,745;5,009;0;4,853;14,586;0
"689";0;5,025;5,582;2,305;12,143;34,68;12,081;0;26,247;1,937;0
"690";0;14,554;8,598;5,087;10,78;15,534;13,588;0;29,918;1,941;0
"691";2,1;28,125;23,106;2,48;13,238;1,17;10,49;0;17,932;1,359;0
"692";0;28,129;5,636;1,368;8,812;19,978;7,658;0;26,462;1,956;0
"693";2,722;6,493;18,762;1,619;8,896;17,111;13,929;0;28,732;1,736;0
"694";3,213;15,682;48,298;1,2;4,98;8,53;10,03;0;7,139;0,929;0
"695";1,668;8,949;4,863;3,366;5,908;9,844;50,951;0;12,182;2,269;0
"696";5,33;44,413;3,584;2,718;9,572;15,82;6,9;0;9,384;2,279;0
"697";3,741;11,466;8,057;9,905;7,384;8,934;16,305;0;28,998;5,21;0
"698";4,29;3,864;65,515;3,138;3,22;1,268;5,711;0;12,236;0,759;0
"699";15,714;5,205;71,956;0,26;0,584;0,234;1,53;0;3,98;0,537;0
"700";1,711;31,328;11,446;3,241;5,244;4,877;7,891;0;32,729;1,533;0
"701";3,497;5,509;34,623;1,759;6,623;9,92;9,291;0;28,07;0,707;0
"702";2,103;15,091;9,246;3,163;15,171;12,515;10,861;0;30,511;1,341;0
"703";2,877;4,782;4,6;27,278;9,478;1,042;32,361;0;15,808;1,774;0
"704";2,273;8,852;3,013;5,16;5,533;4,52;5,904;0;60,92;3,826;0
"705";13,596;9,206;4,461;2,507;28,209;0;17,278;0;22,902;1,841;0
"706";0,969;3,273;52,289;4,663;14,343;4,046;5,922;0;13,258;1,237;0
"707";5,223;5,694;8,39;15,176;15,551;17,237;12,131;0;18,913;1,684;0
"708";11,446;11,136;9,534;3,105;7,343;1,952;6,707;0;44,644;4,133;0
"709";0,529;56,945;6,92;0,27;6,269;12,708;3,856;0;11,747;0,756;0
"710";1,412;3,674;4,352;3,104;7,355;1,719;10,316;0;67,212;0,856;0
"711";66,757;9,141;4,125;1,773;4,048;1,884;3,039;0;8,35;0,883;0
"712";4,178;19,673;2,652;6,616;11,523;11,735;16,5;0;20,419;6,703;0
"713";5,515;4,881;4,949;1,734;28,729;18,678;14,246;0;20,467;0,799;0
"714";1,157;5,829;5,229;2,357;34,902;10,469;4,786;0;34,551;0,721;0
"715";30,681;4,044;2,758;1,731;3,492;5,708;42,171;0;8,068;1,346;0
"716";20,169;13,299;4,526;2,94;6,19;4,41;20,819;0;26,505;1,142;0
"717";8,282;9,227;12,299;18,243;7,642;3,445;14,65;0;19,408;6,805;0
"718";0;15,483;4,617;1,872;11,738;22,597;19,32;0;23,424;0,949;0
"719";0;18,368;11,269;7,473;6,414;2,709;9,71;0;34,861;9,197;0
"720";6,084;11,144;14,493;3,941;4,237;16,094;9,81;0;31,606;2,591;0
"721";1,102;11,276;14,371;3,248;11,459;12,237;9,249;0;32,756;4,303;0
"722";0;21,797;6,279;4,174;7,146;4,071;8,488;0;46,668;1,377;0
"723";1,994;19,129;11,976;3,44;7,821;6,736;11,131;0;35,603;2,17;0
"724";0;8,097;14,772;4,077;4,196;1,829;51,464;0;12,294;3,271;0
"725";0,624;0,854;1,004;0,222;0,579;0,524;3,265;0;92,649;0,28;0
"726";1,533;4,358;61,554;1,809;3,954;2,153;6,063;0;17,353;1,223;0
"727";3,348;5,862;8,618;2,124;11,137;29,611;10,334;0;24,738;4,229;0
"728";0;5,104;29,164;2,857;5,767;17,4;9,761;0;28,749;1,197;0
"729";16,732;8,389;3,322;8,974;17,648;18,004;8,103;0;16,719;2,11;0
"730";0,723;4,392;4,371;48,224;3,734;17,244;7,855;0;12,137;1,321;0
"731";3,341;3,887;6,142;3,783;3,545;37,971;8,482;0;30,836;2,014;0
"732";5,6;10,046;7,072;6,272;7,813;7,661;11,804;0;18,744;24,989;0
"733";12,081;7,162;4,895;2,277;11,576;21,74;9,717;0;27,124;3,428;0
"734";3,342;7,577;12,222;8,651;8,261;10,298;14,852;0;32,694;2,103;0
"735";0;11,563;7,615;18,004;12,353;4,594;12,197;0;31,515;2,16;0
"736";0,555;84,516;1,662;4,44;1,348;0,952;1,787;0;4,482;0,257;0
"737";8,825;6,396;4,243;1,486;9,415;16,99;12,593;0;10,297;29,754;0
"738";5,304;2,772;11,213;4,383;4,185;4,6;47,837;0;16,021;3,686;0
"739";0;11,007;14,412;5,286;11,166;2,695;23,831;0;29,86;1,744;0
"740";1,067;73,988;1,873;8,312;2,302;6,105;1,753;0;4,343;0,257;0
"741";7,105;16,744;13,516;7,094;3,069;5,891;27,509;0;17,016;2,055;0
"742";1,138;4,133;7,511;2,486;4,563;0,833;48,273;0;29,797;1,266;0
"743";0;1,398;5,016;1,326;6,575;0,258;3,343;0;81,167;0,917;0
"744";3,873;15,197;13,392;2,097;16,013;2,227;6,657;0;37,98;2,564;0
"745";4,732;4,854;5,603;2,281;5,971;49,746;7,845;0;17,09;1,878;0
"746";4,677;16,428;16,934;1,75;4,64;3,486;42,309;0;7,851;1,924;0
"747";6,549;3,79;15,802;5,43;18,457;3,421;19,626;0;22,494;4,431;0
"748";4,171;6,037;14,665;1,144;12,964;13,646;5,936;0;40,202;1,235;0
"749";0;80,338;2,74;0,726;1,716;1,203;2,494;0;10,122;0,661;0
"750";0;11,074;3,684;1,36;2,86;2,31;44,683;0;33,852;0,176;0
"751";3,891;18,847;7,285;8,852;4,918;10,385;13,277;0;28,292;4,252;0
"752";3,496;11,591;11,888;3,571;18,406;0,746;30,581;0;18,152;1,568;0
"753";8,05;20,413;6,871;8,517;9,71;22,562;8,412;0;13,038;2,427;0
"754";4,932;7,787;30,271;1,755;7,82;3,498;6,618;0;36,046;1,272;0
"755";4,315;4,667;5,527;62,628;5,278;1,29;3,084;0;12,358;0,855;0
"756";1,108;2,942;58,177;3,14;4,992;3,152;5,656;0;19,606;1,227;0
"757";11,386;10,758;20,508;19,781;1,828;1,105;6,589;0;26,341;1,705;0
"758";21,13;11,316;6,033;1,691;9,222;9,266;13,547;0;25,302;2,494;0
"759";6,707;4,355;3,092;33,478;4,112;21,916;7,361;0;17,581;1,398;0
"760";3,423;16,053;9,117;14,134;10,26;7,973;9,087;0;27,662;2,292;0
"761";16,111;4,244;4,887;2,819;6,564;37,091;7,927;0;19,473;0,884;0
"762";5,472;8,062;13,61;15,797;10,65;6,575;16,522;0;19,342;3,969;0
"763";8,637;9,89;7,435;2,997;11,021;4,064;12,291;0;39,519;4,145;0
"764";2,727;39,926;2,033;0,565;1,095;1,208;8,582;0;41,402;2,464;0
"765";4,331;36,334;8,091;5,882;5,179;11,171;10,087;0;16,528;2,396;0
"766";2,752;10,731;4,924;11,411;9,101;4,745;41,765;0;12,829;1,741;0
"767";20,998;15,458;16,325;1,81;4,019;4,084;9,198;0;27,176;0,931;0
"768";0,741;1,199;1,633;0,36;2,835;86,843;3,893;0;2,264;0,234;0
"769";2,524;7,933;10,891;2,83;7,34;32,028;15,635;0;19,48;1,338;0
"770";4,875;30,149;3,197;3,982;4,741;7,313;6,002;0;36,359;3,382;0
"771";0;4,769;11,802;6,103;14,848;8,993;22,919;0;26,325;4,242;0
"772";0,02;0,068;98,776;0,112;0,127;0,078;0,397;0;0,394;0,028;0
"773";2,247;3,521;3,642;3,03;4,538;51,671;8,241;0;21,418;1,692;0
"774";1,374;7,759;14,595;2,882;14,346;9,251;8,061;0;30,369;11,363;0
"775";2,617;5,536;5,371;4,216;5,539;13,665;27,296;0;28,747;7,013;0
"776";0;1,427;6,426;0,381;79,261;1,107;2,736;0;8,26;0,402;0
"777";12,957;4,342;6,828;2,984;6,172;3,812;10,286;0;18,275;34,344;0
"778";4,382;6,95;20,61;11,316;5,432;8,567;8,368;0;31,37;3,004;0
"779";3,573;9,187;16,901;2,416;9,216;8,171;7,858;0;39,971;2,705;0
"780";14,486;18,056;10,267;1,301;5,18;7,31;15,677;0;26,362;1,36;0
"781";0;1,828;0,397;0,381;0,751;92,515;1,055;0;2,867;0,208;0
"782";5,658;40,186;4,776;8,614;9,64;3,18;10,969;0;15,911;1,064;0
"783";7,402;20,297;9,957;2,702;5,103;6,67;9,615;0;36,66;1,593;0
"784";1,836;16,32;11,048;3,508;16,672;6,841;14,119;0;27,404;2,252;0
"785";4,03;6,903;14,913;5,281;27,07;1,823;18,358;0;18,5;3,122;0
"786";1,84;55,23;1,877;1,021;4,539;1,376;5,53;0;26,007;2,579;0
"787";10,558;11,318;11,553;4,618;9,264;17,57;17,649;0;14,786;2,684;0
"788";9,752;22,892;12,691;3,284;4,494;1,773;6,629;0;35,675;2,81;0
"789";3,217;4,303;6,673;1,282;1,903;72,12;2,358;0;4,764;3,38;0
"790";1,383;4,769;8,728;5,148;11,616;6,693;16,446;0;41,709;3,507;0
"791";0;12,061;2,525;1,372;4,574;8,637;17,588;0;45,879;7,364;0
"792";5,159;22,488;25,429;4,482;6,408;11,633;8,268;0;14,177;1,955;0
"793";1,804;6,995;22,765;2,3;4,893;11,297;6,805;0;31,78;11,361;0
"794";2,591;11,849;4,215;7,695;16,593;19,664;13,189;0;20,561;3,644;0
"795";0,598;5,77;36,027;3,166;2,589;8,735;5,848;0;36,529;0,739;0
"796";1,248;4,797;4,525;43,28;5,039;6,772;7,131;0;26,175;1,033;0
"797";1,986;5,987;12,05;5,725;4,326;30,564;7,162;0;30,626;1,574;0
"798";0;5,299;5,935;2,579;6,425;31,614;26,474;0;19,173;2,501;0
"799";0;37,022;3,052;3,734;18,648;5,667;7,572;0;20,826;3,479;0
"800";4,51;9,613;30,596;2,294;6,968;9,619;10,654;0;22,992;2,755;0
"801";0;13,605;7,389;5,167;5,167;10,344;27,436;0;26,983;3,908;0
"802";4,379;7,482;7,41;4,283;4,164;28,985;15,402;0;26,499;1,396;0
"803";2,175;11,39;12,334;2,377;5,756;8,345;4,53;0;32,903;20,19;0
"804";3,252;4,499;3,986;3,201;9,919;39,115;8,176;0;26,579;1,273;0
"805";6;19,056;7,082;1,925;7,694;3,292;17,91;0;36,039;1,002;0
"806";3,447;33,204;19,987;1,025;5,08;13,556;3,967;0;17,733;2;0
"807";0,889;55,308;12,03;1,425;6,032;3,411;4,19;0;16,078;0,637;0
"808";0;4,27;60,361;3,014;2,092;3,666;5,018;0;20,343;1,237;0
"809";1,428;8,095;12,204;6,156;6,393;7,771;25,214;0;29,067;3,671;0
"810";1,149;4,684;28,724;13,579;13,162;8,89;6,724;0;20,951;2,137;0
"811";2,02;6,899;4,128;3,58;4,651;13,485;17,364;0;46,441;1,433;0
"812";6,218;5,284;15,224;5,703;4,114;6,226;5,632;0;50,15;1,447;0
"813";9,321;7,319;12,101;1,008;5,521;5,758;38,647;0;18,193;2,132;0
"814";0;0,48;1,047;0,263;0,549;94,18;0,933;0;2,456;0,091;0
"815";1,739;6,564;9,787;4,136;16,533;23,761;6,437;0;29,718;1,326;0
"816";1,199;14,013;9,087;4,92;13,501;3,872;18,283;0;33,585;1,539;0
"817";0,3;0,275;0,669;0,255;0,656;1,316;1,088;0;95,272;0,17;0
"818";37,869;6,65;17,792;0,675;2,413;11,237;8,961;0;13,749;0,655;0
"819";2,709;15,872;9,751;4,273;11,515;6,796;12,101;0;34,825;2,159;0
"820";2,186;18,071;6,854;3,35;11,748;13,089;6,843;0;30,164;7,694;0
"821";6,237;19,32;8,338;2,595;4,912;9,632;13,21;0;34,09;1,666;0
"822";18,695;3,381;15,606;4,38;10,098;1,604;12,342;0;32,066;1,826;0
"823";2,906;8,309;7,961;3,543;9,172;31,353;6,872;0;28,723;1,162;0
"824";17,242;4,781;35,424;4,257;2,179;21,534;5,938;0;7,902;0,744;0
"825";2,633;13,898;3,162;5,609;4,324;48,989;4,883;0;14,462;2,04;0
"826";6,088;24,186;5,267;28,037;4,302;2,98;5,049;0;19,166;4,926;0
"827";7,311;11,354;12,453;4,284;5,574;18,337;7,074;0;31,05;2,562;0
"828";2,234;29,583;6,856;2,199;10,631;6,317;9,28;0;30,591;2,309;0
"829";3,7;4,167;19,813;4,63;6,55;12,515;23,775;0;23,604;1,247;0
"830";4,633;7,185;10,7;1,46;10,2;8,58;12,143;0;42,085;3,014;0
"831";0;2,858;10,597;53,531;4,149;12,321;3,945;0;10,879;1,72;0
"832";20,902;3,995;9,028;3,663;6,154;5,934;11,008;0;36,686;2,629;0
"833";2,184;6,975;16,318;15,736;7,775;9,954;14,648;0;25,038;1,373;0
"834";0;4,378;5,2;2,24;3,276;1,651;25,1;0;53,596;4,561;0
"835";7,781;3,636;14,934;26,394;6,998;7,18;11,664;0;14,608;6,806;0
"836";6,754;14,938;31,493;1,647;4,316;7,023;5,875;0;22,509;5,445;0
"837";8,888;5,79;13,661;12,672;15,203;2,431;13,687;0;25,07;2,598;0
"838";34,344;35,152;1,98;5,151;8,459;0,893;6,647;0;6,424;0,95;0
"839";0;31,213;28,029;12,367;8,346;3,541;6,404;0;8,321;1,78;0
"840";3,902;25,446;10,437;14,008;5,976;12,244;5,38;0;22,036;0,57;0
"841";6,288;41,409;4,592;1,565;1,949;9,507;16,023;0;17,578;1,089;0
"842";1,3;22,76;18,508;3,89;9,751;6,834;14,277;0;21,096;1,584;0
"843";17,172;4,739;7,031;3,816;33,784;3,866;8,911;0;19,278;1,403;0
"844";0;8,063;5,387;1,66;6,143;33,557;18,294;0;18,736;8,162;0
"845";3,017;6,626;17,083;3,794;10,162;1,72;8,737;0;46,113;2,748;0
"846";3,546;5,257;3,359;1,581;39,806;17,511;13,495;0;12,664;2,782;0
"847";1,821;15,806;4,762;2,842;10,987;11,257;12,852;0;36,719;2,955;0
"848";1,153;4,265;57,712;4,252;8,238;10,103;5,807;0;7,706;0,763;0
"849";5,817;11,552;24,882;3,362;5,52;13,161;10,48;0;23,289;1,938;0
"850";1,953;8,649;14,309;12,176;7,057;3,646;28,933;0;21,405;1,873;0
"851";13,726;2,675;4,013;27,366;8,586;22,028;5,698;0;14,13;1,779;0
"852";3,164;3,853;2,769;2,854;10,689;3,689;13,943;0;58,127;0,913;0
"853";2,328;7,55;46,355;3,827;2,443;1,811;7,942;0;24,325;3,421;0
"854";12,441;18,03;20,852;6,108;7,077;1,353;10,49;0;21,449;2,2;0
"855";1,983;12,761;19,371;4,331;9,875;8,474;18,069;0;22,104;3,031;0
"856";0,11;0,328;84,656;12,143;0,622;0,094;0,686;0;1,142;0,22;0
"857";1,307;3,835;6,891;4,388;4,429;48,686;5,976;0;23,367;1,122;0
"858";0;6,943;10,147;3,875;10,916;20,178;24,835;0;21,389;1,716;0
"859";19,59;13,844;17,168;3,018;6,411;0,728;8,899;0;28,241;2,102;0
"860";5,299;13,972;13,253;9,673;8,906;3,385;17,228;0;22,48;5,804;0
"861";2,751;15,781;6,48;2,879;14,598;4,425;13,838;0;33,503;5,745;0
"862";2,579;4,906;12,921;11,39;5,565;4,217;5,604;0;51,774;1,044;0
"863";3,564;3,978;28,863;18,235;9,545;1,968;8,719;0;22,604;2,522;0
"864";0;12,725;9,546;12,038;5,852;17,826;12,993;0;27,079;1,941;0
"865";2,833;10,247;33,356;1,572;9,45;7,098;18,658;0;15,907;0,879;0
"866";4,506;2,351;45,79;1,261;6,812;14,856;8,379;0;14,161;1,883;0
"867";5,543;42,192;5,528;2,647;14,661;3,957;8,396;0;15,112;1,964;0
"868";3,211;49,244;4,975;2,305;3,081;18,934;5,138;0;11,626;1,487;0
"869";0;4,521;8,451;6,376;5,106;1,103;6,186;0;67,35;0,906;0
"870";1,053;4,915;7,438;4,596;5,797;4,905;5,951;0;12,857;52,486;0
"871";4,871;11,225;12,519;6,032;14,301;5,567;13,002;0;21,629;10,855;0
"872";1,362;3,556;15,276;4,166;6,347;29,555;14,497;0;22,83;2,411;0
"873";4,093;2,602;9,061;7,331;2,159;48,804;13,555;0;11,919;0,476;0
"874";5,481;62;3,087;1,572;2,896;0,996;18,805;0;4,743;0,42;0
"875";4,902;38,725;2,665;2,622;2,625;22,463;12,102;0;11,023;2,873;0
"876";3,052;1,535;1,667;2,293;1,722;75,98;1,955;0;11,283;0,513;0
"877";1,978;88,669;1,297;0,324;0,654;0;3,289;0;3,523;0,265;0
"878";1,536;15,099;2,614;0,926;3,432;6,766;2,455;0;65,223;1,949;0
"879";14,525;12,054;23,37;3,697;5,708;10,686;8,894;0;17,849;3,216;0
"880";0;38,493;2,376;0,998;2,012;35,246;3,971;0;16,189;0,715;0
"881";1,943;3,848;17,163;42,034;3,375;2,353;5,352;0;22,316;1,616;0
"882";0;37,271;3,228;5,163;7,194;0,451;7,906;0;37,809;0,979;0
"883";7,504;14,932;11,375;2,835;7,677;7,136;10,257;0;37,111;1,174;0
"884";3,157;5,567;5,458;2,125;15,647;8,073;37,117;0;20,634;2,223;0
"885";5,419;9,971;4,914;6,661;6,024;10,504;24,986;0;29,82;1,701;0
"886";0;7,46;6,921;3,793;6,97;27,33;8,955;0;37,635;0,935;0
"887";5,695;6,614;6,408;47,842;7,859;5,564;4,044;0;11,96;4,013;0
"888";2,08;19,224;8,082;3,512;8,617;27,826;6,858;0;22,328;1,474;0
"889";5,414;27,197;10,068;2,15;5,887;2,48;15,14;0;29,813;1,85;0
"890";19,331;1,778;5,332;2,89;4,581;1,539;4,872;0;59,027;0,652;0
"891";4,284;3,714;2,348;7,699;3,563;42,669;12,93;0;21,507;1,287;0
"892";3,614;43,628;2,911;13,159;4,02;6,689;4,26;0;20,615;1,103;0
"893";75,932;2,474;7,332;2,869;1,038;0,632;4,893;0;4,427;0,401;0
"894";1,71;6;7,904;5,385;14,122;8,096;15,841;0;37,631;3,312;0
"895";1,663;4,436;9,747;2,02;5,323;1,684;9,745;0;58,281;7,1;0
"896";2,502;8,199;2,405;2,901;5,882;3,582;10,026;0;63,357;1,145;0
"897";23,635;5,171;7,813;6,442;10,477;3,381;19,663;0;21,533;1,885;0
"898";5,205;11,217;5,591;3,132;6,075;8,694;14,357;0;44,23;1,499;0
"899";34,202;6,526;13,499;6,002;2,24;3,787;7,51;0;17,488;8,745;0
"900";13,971;15,791;22,61;1,302;5,811;0;12,13;0;27,153;1,234;0
"901";64,477;5,92;2,945;5,142;3,175;6,983;1,903;0;8,994;0,459;0
"902";11,9;4,93;5,816;1,78;2,272;8,048;6,284;0;58,362;0,608;0
"903";1,563;0,81;2,018;6,06;0,576;0,98;1,215;0;86,269;0,509;0
"904";1,253;3,076;54,907;1,177;4,586;1,575;6,735;0;25,533;1,159;0
"905";0,73;4,321;7,226;1,167;5,959;6,073;12,965;0;41,848;19,712;0
"906";1,144;13,099;12,22;2,524;7,86;22,162;18,126;0;20,308;2,557;0
"907";3,403;8,676;7,589;0,991;3,792;5,284;11,949;0;56,572;1,744;0
"908";2,822;22,824;4,876;1,689;1,62;8,484;9,742;0;46,66;1,283;0
"909";2,169;1,357;46,818;1,465;2,576;3,097;7,729;0;33,645;1,144;0
"910";16,205;45,047;7,275;5,522;2,974;4,755;6,568;0;9,606;2,047;0
"911";19,068;5,071;5,54;4,177;6,696;6,851;35,186;0;15,391;2,019;0
"912";0;7,658;8,995;2,834;6,394;0;4,82;0;68,661;0,639;0
"913";5,631;13,272;9,522;5,569;12,062;2,3;42,678;0;6,103;2,864;0
"914";1,559;4,787;8,545;0,835;1,375;65,585;3,488;0;12,514;1,312;0
"915";0;8,524;25,807;7,063;6,977;18,38;10,227;0;20,891;2,131;0
"916";2,725;7,292;5,796;2,069;7,387;24,104;16,251;0;30,74;3,638;0
"917";2,643;52,633;3,833;2,019;3,958;4,202;9,13;0;13,848;7,734;0
"918";5,027;23,747;6,655;3,749;7,664;12,265;11,466;0;26,48;2,946;0
"919";1,134;27,251;4,679;1,96;5,299;9,328;27,137;0;21,237;1,975;0
"920";4,876;11,474;3,76;1,918;7,48;4,798;7,802;0;55,057;2,834;0
"921";0,798;8,292;4,337;7,003;13,323;2,712;33,113;0;29,351;1,072;0
"922";12,635;4,998;13,518;6,056;10,086;5,58;18,417;0;22,971;5,739;0
"923";4,608;3,678;5,246;0,994;3,289;1,444;9,917;0;70,276;0,549;0
"924";0,829;17,014;5,259;3,552;11,728;12,789;22,366;0;23,559;2,905;0
"925";4,17;28,656;31,976;1,608;5,477;9,549;6,881;0;10,288;1,394;0
"926";67,631;12,539;5,357;2,269;3,447;1,502;1,754;0;4,36;1,142;0
"927";0;8,451;11,247;65,708;1,529;3,726;1,946;0;5,586;1,806;0
"928";0;10,559;8,622;7,456;5,614;4,894;9,245;0;50,058;3,552;0
"929";5,028;6,157;8,69;6,007;10,042;16,538;6,185;0;30,028;11,326;0
"930";1,964;27,745;3,927;2,524;2,777;43,915;5,706;0;10,657;0,784;0
"931";0,933;8,035;80,696;0,269;1,514;0,368;3,027;0;4,756;0,403;0
"932";7,46;15,086;5,954;2,686;13,122;6,556;4,291;0;43,815;1,031;0
"933";89,268;0,63;5,656;0,434;0,607;0,29;0,331;0;1,914;0,871;0
"934";2,105;17,109;6,764;2,428;6,433;3,638;7,476;0;52,672;1,375;0
"935";6,997;23,025;5,584;4,379;8,813;1,969;16,188;0;27,802;5,244;0
"936";1,175;19,54;8,333;4,008;12,394;13,813;22,188;0;17,128;1,423;0
"937";10,815;12,6;11,146;3,591;6,756;3,364;8,561;0;34,569;8,598;0
"938";2,712;4,293;28,558;2,059;9,928;18,332;10,763;0;20,816;2,539;0
"939";8,214;9,342;9,28;4,986;7,668;11,165;21,079;0;25,488;2,779;0
"940";4,278;6,05;18,498;2,099;6,027;7,932;8,97;0;43,902;2,244;0
"941";1,712;7,117;5,39;1,88;9,229;10,193;22,516;0;40,479;1,483;0
"942";4,413;5,267;5,915;2,688;7,336;10,478;36,214;0;25,601;2,088;0
"943";1,824;8,486;4,794;4,931;14,259;7,17;9,364;0;46,167;3,005;0
"944";3,516;12,387;14,337;2,76;6,374;3,37;37,989;0;15,452;3,815;0
"945";1,493;60,913;6,419;2,235;9,759;0;4,348;0;11,661;3,173;0
"946";5,758;25,931;12,332;1,486;6,412;4,348;15,39;0;27,196;1,147;0
"947";0;8,683;22,451;1,452;4,959;1,423;5,448;0;53,753;1,83;0
"948";2,573;24,55;6,273;1,369;17,252;2,06;14,065;0;24,83;7,028;0
"949";2,305;10,146;39,165;4,121;7,756;3,176;13,763;0;14,042;5,525;0
"950";8,733;14,531;10,997;8,994;10,583;7,603;13,561;0;23,124;1,874;0
"951";2,338;14,338;8,944;9,87;13,841;3,691;22,689;0;19,405;4,885;0
"952";1,665;9,461;4,031;0,815;24,651;32,051;6,73;0;18,437;2,158;0
"953";2,963;22,246;10,024;4,505;8,102;2,088;17,088;0;30,283;2,701;0
"954";17,186;17,337;11,323;3,462;10,337;4,565;10,997;0;22,228;2,566;0
"955";10,002;11,857;16,421;1,76;12,268;9,874;9,115;0;27,337;1,366;0
"956";0;2,412;16,841;5,506;16,928;2,741;20,647;0;33,01;1,916;0
"957";81,093;1,441;0,88;6,657;1,033;2,819;3,787;0;2,033;0,257;0
"958";9,092;8,22;24,204;13,526;3,794;1,254;13,255;0;22,767;3,888;0
"959";1,089;4,194;5,164;3,094;64,057;4,3;5,201;0;12,149;0,751;0
"960";2,99;5,183;36,515;4,537;17,419;8,044;7,893;0;12,558;4,862;0
"961";0,705;1,069;1,34;1,864;0,929;90,77;1,588;0;1,301;0,434;0
"962";0;5,642;3,372;2,165;5,689;71,894;4,559;0;6,175;0,503;0
"963";0;9,998;31,814;1,62;6,616;7,042;10,196;0;31,671;1,043;0
"964";0,702;5,043;3,275;79,39;1,241;0,192;2,836;0;6,488;0,834;0
"965";2,911;6,743;16,972;4,004;11,804;3,988;23,424;0;27,686;2,468;0
"966";7,24;24,485;9,383;11,914;5,19;10,461;9,971;0;19,619;1,737;0
"967";2,35;9,367;6,467;1,386;8,383;2,813;8,475;0;59,328;1,43;0
"968";2,718;10,686;15,468;2,436;25,606;6,098;16,313;0;19,222;1,453;0
"969";2,895;4,355;8,581;0,936;5,635;37,821;14,657;0;22,762;2,358;0
"970";3,917;11,206;21,142;2,769;7,074;7,312;17,727;0;25,943;2,909;0
"971";0;5,615;12,955;2,966;4,026;25,384;9,373;0;38,313;1,367;0
"972";0;7,447;8,697;1,012;15,508;5,026;16,606;0;44,924;0,78;0
"973";3,107;4,347;11,931;4,43;19,851;17,717;12,459;0;24,029;2,13;0
"974";0,422;2,899;1,24;0,625;1,63;1,815;79,139;0;11,976;0,255;0
"975";0;7,871;4,505;4,106;50,115;4,799;13,678;0;13,312;1,614;0
"976";0,872;29,32;4,662;1,406;2,47;8,378;12,906;0;38,954;1,033;0
"977";7,909;6,54;17,554;10,276;8,133;4,614;25,96;0;16,705;2,309;0
"978";7,738;28,143;13,507;1,018;2,721;15,789;6,362;0;23,602;1,121;0
"979";2,16;2,144;3,017;3,284;9,137;15,556;31,951;0;31,803;0,947;0
"980";5,519;8,667;8,301;1,609;9,663;12,855;19,59;0;31,813;1,984;0
"981";5,261;14,507;4,296;2,091;3,945;2,129;6,589;0;59,375;1,806;0
"982";4,784;7,338;11,084;14,886;12,131;0;24,732;0;21,481;3,564;0
"983";7,857;16,097;7,95;4,011;8,07;6,274;21,953;0;21,362;6,426;0
"984";2,243;46,194;4,907;4,706;10,896;3,151;3,999;0;22,672;1,231;0
"985";3,126;23,625;7,055;2,447;9,131;1,719;16,131;0;29,698;7,067;0
"986";4,469;8,577;31,147;3,931;10,593;11,308;13,453;0;15,437;1,085;0
"987";4,623;3,812;10,198;13,635;20,292;12,29;8,4;0;23,66;3,089;0
"988";0;23,545;24,839;5,026;10,882;6,307;13,913;0;12,217;3,271;0
"989";0;13,534;17,921;4,793;23,852;6,684;13,477;0;17,297;2,442;0
"990";5,186;26,282;12,434;1,923;6,67;9,654;7,703;0;25,754;4,393;0
"991";1,458;8;6,226;1,824;2,354;5,582;17,436;0;55,584;1,536;0
"992";5,883;7,168;10,597;5,495;7,557;7,324;21,903;0;32,61;1,463;0
"993";0,333;2,601;2,559;0,896;2,354;79,085;5,456;0;6,419;0,296;0
"994";1,446;5,819;5,055;7,479;8,391;7,574;18,734;0;40,789;4,711;0
"995";3,449;4,706;6,363;1,7;9,106;1,054;9,894;0;62,677;1,051;0
"996";2,352;4,828;12,419;6,935;6,064;5,899;13,781;0;37,488;10,233;0
"997";0,717;3,284;24,413;3,367;7,768;39,008;7,062;0;13,196;1,185;0
"998";64,505;2,163;20,018;1,993;0,666;0,863;1,473;0;1,576;6,743;0
"999";2,109;58,456;3,736;1,348;8,9;4,642;4,392;0;9,91;6,507;0
"1000";5,455;22,246;7,123;3,287;13,826;12,336;10,139;0;22,31;3,277;0
