Upper Depth,Lower Depth,Abies,Acer undiff,Acer negundo,Acer saccharum,Acer rubrum,Betula,Carya,Castanea,Corylas,Fagus,Fraxinus americana,Fraxinus pennsylvanica,Juglans,Larix,Ostrya,Picea,Pinus undiff,Pinus Subgenus Strobus,Pinus Subgenus Pinus,Populus,Quercus,Tilia,Tsuga,Ulmus,Sphagnum,Trilete spores undiff,Alnus,Aquafoliaceae,Ericaceae,Salix,Ambrosia,Artemesia,Asteraceae,Chenopodiaceae,Cyperaceae,Lycopodium,Osmunda,Poaceae,Unknown,Lyco markers
0,1,8,0,0,4,0,20,2,0,0,6,0,1,0,1,0,38,1,120,1,0,3,0,13,0,2,0,0,0,4,0,0,0,0,0,0,0,0,0,0,210
10,11,5,0,0,4,0,61,0,0,0,0,0,0,0,0,0,26,12,77,0,0,9,0,6,0,86,3,1,0,5,0,3,0,0,0,0,0,0,0,0,300
13,14,1,0,0,9,0,84,1,0,0,7,5,2,0,0,1,11,4,49,2,0,11,0,7,6,33,2,3,0,5,3,7,0,0,0,1,0,0,0,0,95
15,16,0,0,0,12,2,76,1,0,0,11,0,4,0,1,0,18,9,38,0,0,16,0,8,4,320,0,0,0,0,2,25,0,0,1,0,0,0,2,0,90
17,18,6,0,0,8,0,88,3,0,0,5,0,1,0,0,0,27,1.5,38,0,1,7,0,13,4,92,0,0,0,13,1,6,0,0,0,0,0,1,0,0,286
19,20,0,0,1,18,2,110,0,0,0,6,3,0,0,0,1,13,2.5,25,0,0,10,0,14,3,65,2,0,0,15,0,25,1,0,2,0,0,0,0,0,148
20,21,8,2,0,0,0,44,2,0,1,21,0,0,8,0,0,19,5.5,59,0,0,13,1,12,1,61,0,8,0,0,0,1,0,1,0,2,0,4,3,7,38
21,22,5,0,0,8,0,74,0,0,0,6,0,0,0,0,0,36,0,44,0,0,13,0,13,1,52,0,1,0,5,0,26,2,0,0,0,0,0,1,0,335
23,24,5,0,0,8,0,51,2,0,0,7,3,0,3,0,0,36,0,50,0,0,15,2,23,4,69,0,0,0,18,0,20,0,0,0,0,0,0,0,0,548
25,26,4,0,0,10,2,118,1,0,2,5,2,2,1,0,4,12,4.5,15,0,0,5,1,9,3,53,1,0,0,16,0,25,0,1,0,0,0,0,1,0,220
27,28,3,0,0,13,0,98,1,0,1,10,3,4,0,0,3,10,7,15,0,0,16,1,9,7,64,0,0,0,17,2,21,1,0,0,0,0,0,1,1,158
30,31,1,0,0,21,0,72,4,0,0,5,1,1,5,0,0,21,8,41,0,0,11,3,9,2,30,0,0,0,10,0,3,0,0,0,0,0,1,1,0,470
33,34,1,0,0,7,0,56,2,0,0,3,4,2,1,0,0,17,2.5,57,0,0,15,0,34,3,55,0,0,0,15,2,12,0,0,0,0,0,0,1,0,198
35,36,1,0,0,9,0,66,0,0,1,5,0,0,0,0,2,19,11,46,0,0,12,1,23,4,36,0,1,0,15,0,8,2,0,0,0,0,0,0,2,65
37,38,0,0,0,6,0,50,0,0,0,11,4,2,0,0,0,19,7,69,0,0,9,0,23,1,26,0,0,0,20,2,4,0,0,0,0,0,1,1,0,34
38,39,0,0,0,0,0,57,5,1,0,13,1,0,0,0,0,14,4,78,0,0,12,1,15,3,5,0,0,0,36,2,1,0,0,0,0,0,1,1,0,37
39,40,2,0,0,12,0,51,0,0,0,13,1,3,0,1,1,19,15.5,49,0,0,6,1,21,5,11,0,0,0,5,0,2,0,0,0,0,0,0,0,1,24
40,41,0,0,0,6,0,45,0,0,0,11,0,0,0,0,0,17,0,106,0,0,7,1,19,0,4,0,0,0,5,0,0,0,0,0,0,0,0,0,0,26
41,42,0,0,0,13,0,52,1,0,0,13,1,2,1,1,2,11,13.5,71,0,0,3,0,23,1,0,0,0,0,1,0,0,0,0,0,0,1,0,0,0,19
42,43,0,0,0,4,0,55,2,0,0,7,0,0,0,0,0,19,1,107,0,0,4,1,27,0,1,0,1,0,0,0,0,0,0,0,0,0,0,0,0,45
43,44,2,0,0,10,0,25,0,1,0,4,1,0,0,0,0,8,42.5,76,0,0,3,0,34,3,3,0,0,0,3,0,0,0,0,0,0,0,1,0,0,16
44,45,0,0,0,6,0,49,0,0,0,19,0,0,2,1,0,15,0.5,69,0,0,10,0,32,1,2,0,0,0,2,1,0,0,0,0,0,0,0,0,0,43
45,46,3,1,0,1,0,35,2,0,0,8,0,2,0,0,2,37,12,56,1,0,8,1,42,2,3,1,1,0,1,0,0,0,0,0,1,0,0,2,1,31
47,48,1,0,0,12,0,56,1,0,1,9,1,0,0,0,0,23,5,51,1,0,10,0,45,0,3,0,0,0,0,0,0,0,0,0,0,0,0,0,0,36
48,49,0,0,0,8,0,45,0,0,0,15,0,0,0,0,0,20,10,59,0,0,5,1,37,0,1,0,0,0,0,0,0,0,0,0,0,0,0,0,0,31
49,50,3,0,0,7,0,63,0,1,0,9,0,0,1,0,0,28,12.5,45,0,0,3,1,41,2,0,0,0,0,0,2,0,0,0,0,0,0,0,0,1,34
50,51,1,0,0,10,0,45,0,0,0,2,0,0,0,0,0,5,10,90,0,0,7,0,31,0,1,0,0,0,0,0,0,0,2,0,0,0,0,0,0,22
51,52,1,0,0,13,0,41,1,0,0,8,1,1,0,0,0,33,17,67,1,0,6,1,23,0,4,0,0,0,1,0,0,0,1,0,0,1,1,0,0,19
52,53,0,0,0,16,0,44,0,0,0,12,0,0,0,0,0,1,19.5,69,0,0,3,2,34,0,3,0,0,0,2,0,1,0,0,0,0,0,0,0,0,20
53,54,1,0,0,17,0,46,0,0,2,7,0,1,0,0,0,14,29.5,30,1,0,6,0,49,2,11,4,0,0,10,2,3,0,0,0,0,1,0,0,2,16
54,55,1,0,0,14,0,49,1,0,0,13,0,0,0,0,0,0,32.5,54,0,0,6,1,36,1,6,0,0,0,15,0,0,0,0,0,0,0,1,0,0,24
