Depth,Pinus undiff,Pinus diplox,Pinus haplox,Pinus rigida t.,Pinus Total,Tsuga,Larix,Picea total,Picea glauca,Picea mariana t.,Picea undiff,Abies,Cupressaceae,Quercus,Carya,Castanea,Juglans,Fagus,Betula,Ostrya/Carpinus,Ulmus,Fraxinus nigra,Fraxinus penn t.,Fraxinus sp,Liquidambar,Ilex,Clethra,Alnus rugosa t.,Alnus crispa t.,Acer rubrum,Acer saccharum,Acer sp.,Nyssa,Salix,Populus,Ericaceae,Vitis,Myrica,Corylus,Betuloid,Viburnum,Rhus,Tilia,Platanus,Cephalanthus,Sambucus,Celtis,Moraceae,Liriodendron,Magnolia,Rhamnus,Cornus,cf Taxus,Poaceae,Artemisia,Ambrosia,Rumex,Liguliflorae,Iva ciliata t.,Tubuliflorae,Plantago,Cyperaceae,ChenoAm,Salsola,Sarcobatus,Ephedra,Secale,Zea,Triticum,Trifolium t.,Fabaceae,Urticaceae,Rosaceae,Thalictrum,Ranunculaceae,Apiaceae,Polygonum persicaria t.,Xyris,Helianthaceae,Araliaceae,Itea,Pinguicula t.,Solanaceae,Impatiens,Menyanthes,Rutaceae,cf. Parthenocissus,Galium,Cannabis,Lamiaceae,Pteridium t.,Dryopteris t.,Osmunda,Lycopodium sp,L. lucidulum,L. inundatum,Gymnocarpium,Polypodium,Asplenium,Athyrium,Trilete unknown,Isoetes,Equisetum,Sphagnum,Myriophyllum,Nymphaea,Nuphar,Brasenia,Potamogeton,Typha,Sparganium,Pontederia,Eriocaulon,Saggitaria,preQuat,Degraded,Corroded,Broken,Crumpled,Obscured,Unknown,Exotic,upland sum,tree sum,tree&shrub
1,49,7,13,0,69,16,0,4,2,0,2,1,10,169,22,15,0,15,132,1,6,0,13,0,0,0,3,9,0,7,2,4,0,0,1,1,0,6,3,1,1,3,0,0,0,0,0,1,0,0,0,0,0,49,0,29,6,0,0,0,2,2,4,0,0,0,0,0,0,0,0,3,0,0,2,0,0,0,0,0,0,0,0,0,0,0,0,0,0,0,0,3,12,4,5,0,0,0,0,1,0,0,0,0,3,0,4,2,0,0,2,0,0,0,0,0,8,0,3,1,2,409,637,489,515
2,33,10,10,2,55,12,0,1,1,0,0,1,4,108,18,3,0,5,70,5,1,1,3,0,1,1,0,3,0,2,4,3,0,1,0,0,0,2,0,0,0,1,0,1,0,0,0,0,0,0,0,0,0,20,0,9,4,0,0,0,0,1,4,1,0,0,0,0,1,0,0,0,0,0,1,0,0,0,0,0,0,0,0,0,0,0,0,0,0,0,0,4,3,3,0,1,0,0,0,0,0,0,0,0,1,0,1,1,0,0,0,0,0,0,0,0,1,0,0,0,3,430,358,299,306
4,44,6,11,1,62,12,0,1,0,0,1,0,6,167,14,4,0,14,114,1,3,0,6,0,1,0,3,12,0,8,4,2,0,3,3,1,1,5,1,1,0,1,1,1,1,0,1,0,0,0,0,0,0,29,0,31,7,0,0,0,2,0,4,2,0,0,0,0,0,0,0,1,0,2,0,0,0,0,0,0,0,1,0,0,1,0,0,0,0,0,0,0,4,4,1,0,0,0,0,0,0,0,0,0,4,0,2,0,0,0,0,0,0,0,0,0,6,0,0,0,20,805,543,428,454
6,44,7,9,2,62,13,0,3,2,0,1,0,2,113,16,3,0,2,76,0,4,0,13,0,0,0,1,9,0,4,0,2,0,2,0,1,0,8,1,1,0,2,0,2,0,0,0,0,0,0,0,0,0,23,1,12,7,1,0,0,1,1,0,0,0,0,0,0,0,0,0,0,0,0,0,0,0,0,0,0,0,0,0,0,0,0,0,0,0,0,0,1,6,2,2,0,0,0,0,0,0,0,0,0,2,0,0,0,0,0,0,1,0,0,0,0,2,0,1,0,11,367,397,318,340
8,51,11,9,2,73,43,0,8,4,0,4,0,3,164,20,12,2,13,83,4,4,1,6,0,0,1,1,26,0,6,3,2,3,0,2,2,1,29,2,1,0,1,0,2,3,0,0,0,0,0,0,0,0,38,1,71,21,0,0,0,5,1,6,1,0,0,0,0,0,0,1,0,0,1,0,0,0,0,0,0,0,0,0,0,0,0,0,0,0,0,0,2,11,7,2,0,0,1,0,1,0,2,0,0,2,1,3,1,0,0,1,0,0,0,0,1,5,0,2,1,3,818,691,455,521
10,32,6,5,4,47,16,0,2,1,0,1,0,2,91,13,1,1,1,60,3,1,0,5,0,0,0,0,10,0,1,1,2,1,0,1,0,0,3,1,0,0,0,0,0,0,0,0,1,0,0,1,0,0,21,1,5,4,1,0,1,1,0,2,1,0,0,0,1,1,0,0,0,0,0,1,0,1,0,0,0,0,0,0,0,0,0,0,0,0,0,0,1,4,1,0,0,0,0,0,0,0,1,0,0,0,0,0,0,0,0,0,1,0,1,0,0,4,0,1,0,3,197,312,250,265
12,46,12,10,0,68,25,0,5,1,0,4,0,8,173,24,5,1,14,126,7,2,0,6,0,0,4,2,10,0,6,4,4,0,0,0,1,1,6,0,0,0,1,0,3,2,0,0,0,0,0,0,0,0,42,0,26,15,0,0,0,3,1,6,1,0,0,0,3,0,0,0,0,2,0,1,0,0,1,0,0,0,0,0,0,0,0,0,0,0,0,0,1,10,4,0,0,0,0,0,0,0,0,0,0,1,0,2,3,0,0,2,0,0,0,0,0,1,0,1,1,28,744,624,481,508
14,56,8,6,5,75,12,0,5,3,0,2,0,6,163,23,11,0,17,118,3,3,0,11,0,0,1,2,27,0,5,5,1,0,1,1,1,1,6,0,2,0,0,0,1,0,0,0,0,1,0,0,0,0,41,1,19,22,1,0,0,3,1,7,3,0,0,0,0,0,0,0,1,2,2,0,0,0,0,0,0,0,0,0,0,0,0,0,0,0,0,0,2,13,4,1,0,0,0,0,0,0,0,0,0,3,0,1,1,0,1,1,0,0,0,1,0,5,1,3,1,20,500,625,464,502
16,60,10,13,0,83,21,0,2,0,2,0,0,9,189,16,8,2,15,105,6,13,0,21,0,0,1,1,17,0,5,1,5,1,2,0,2,0,12,1,0,0,0,0,0,0,0,0,0,0,0,1,0,0,55,0,37,11,0,0,1,0,3,8,2,0,0,0,1,2,0,0,2,1,0,0,0,0,0,0,0,0,0,0,0,0,0,0,0,0,0,0,5,8,9,2,1,0,0,0,0,0,0,0,0,2,1,2,0,0,1,0,0,0,0,1,1,12,5,2,1,13,930,687,504,539
18,54,12,12,2,80,20,0,4,1,0,3,0,4,185,18,5,1,16,109,6,8,1,17,0,0,2,2,14,0,10,4,0,1,3,2,1,3,13,1,1,0,2,0,1,0,0,0,0,0,0,0,0,0,47,0,36,11,0,0,0,0,3,3,0,0,0,0,1,0,1,0,1,0,0,0,0,0,0,0,0,0,0,0,0,0,1,1,0,0,0,0,3,11,3,0,0,0,0,0,0,0,0,0,0,3,0,0,0,0,0,1,0,0,0,0,0,2,0,1,0,8,343,656,496,534
20,49,7,16,0,72,13,0,2,1,0,1,0,12,196,21,5,0,10,115,4,7,0,12,0,1,1,3,9,0,3,5,0,0,3,0,2,0,5,6,0,0,1,0,1,0,0,0,1,0,1,0,0,0,43,0,36,8,0,0,0,2,2,3,1,0,0,0,2,0,1,0,0,1,0,0,0,0,0,0,0,1,0,0,0,0,0,0,0,0,0,0,3,15,6,8,0,0,0,0,0,0,0,0,0,4,0,1,0,0,0,0,0,0,0,0,0,5,0,0,3,6,599,643,484,511
22,61,5,11,0,77,17,0,5,2,0,3,0,9,209,20,3,0,16,117,6,11,0,14,0,0,1,0,14,0,6,7,1,0,0,1,3,0,3,2,0,0,0,0,2,2,0,0,1,0,0,0,0,0,39,0,39,7,0,0,0,4,3,10,1,0,0,0,0,0,1,0,0,0,1,2,0,0,0,0,0,0,0,2,1,0,2,1,0,0,0,0,3,8,10,0,0,0,0,1,0,0,0,0,0,0,0,1,0,0,0,0,0,2,0,0,0,1,0,0,0,0,448,682,522,547
24,56,14,25,0,95,19,0,3,1,0,2,0,14,215,21,14,0,8,111,6,10,0,11,3,0,2,4,18,0,9,6,2,0,0,2,1,4,11,1,0,0,0,0,3,0,0,0,0,0,0,0,0,0,59,0,48,16,0,0,0,0,4,6,1,0,0,0,0,2,1,0,4,0,0,0,0,0,0,0,0,0,0,0,0,1,0,0,0,0,0,0,6,14,15,2,0,0,0,0,0,0,0,0,0,2,2,4,0,0,0,0,1,0,0,0,0,0,9,1,1,7,546,772,552,593
26,40,21,17,3,81,9,0,9,3,0,6,1,10,200,13,5,1,8,112,7,6,2,8,0,1,1,2,13,0,15,4,2,1,1,3,0,1,9,6,0,0,2,0,1,1,0,0,0,0,0,1,0,0,49,1,38,19,1,0,0,3,2,4,0,0,0,0,0,0,1,1,0,0,1,1,0,0,0,0,0,0,0,0,0,0,0,0,0,1,0,0,3,11,6,0,2,0,0,0,0,0,0,0,0,5,2,2,0,0,1,0,1,0,0,0,0,2,0,2,0,8,515,680,500,536
28,61,11,20,1,93,24,0,4,2,0,2,0,11,169,12,4,2,8,128,2,11,1,24,0,0,1,4,9,0,5,2,0,0,1,3,0,0,6,3,1,0,0,0,1,2,0,0,0,0,0,0,0,0,52,0,30,12,0,0,0,3,0,3,3,0,0,0,2,1,1,0,2,0,3,0,0,0,0,0,0,0,0,0,0,0,0,0,0,0,0,0,6,14,9,2,1,0,0,0,1,0,0,0,0,4,0,1,3,0,0,0,0,0,0,0,0,1,0,0,0,4,503,676,506,531
30,51,8,12,3,74,27,0,3,0,0,3,0,4,158,19,6,3,15,104,3,5,0,8,0,3,4,4,26,0,7,5,0,0,0,4,0,2,8,0,0,0,2,1,2,0,0,0,3,0,0,0,0,0,51,1,33,9,0,0,0,2,1,4,0,0,0,0,0,1,1,0,0,1,0,1,0,0,0,0,0,0,0,0,0,0,0,0,0,0,0,0,4,12,11,0,0,0,1,0,0,0,0,0,0,1,1,1,0,3,0,0,0,0,0,0,0,2,0,1,0,4,518,633,454,500
32,58,5,16,0,79,33,0,5,2,0,3,1,14,206,13,12,3,13,117,1,9,2,8,0,0,2,2,24,0,12,8,6,4,0,5,2,1,18,2,2,0,0,0,0,0,1,0,0,0,0,0,0,0,79,1,43,16,1,0,0,6,1,8,0,0,0,0,4,0,0,0,1,0,5,0,0,0,0,0,0,0,0,0,0,0,0,0,0,0,0,0,5,19,9,2,0,0,0,0,0,0,0,0,0,8,1,4,2,0,0,0,2,0,0,0,0,3,5,1,1,5,708,805,553,605
34,64,8,9,0,81,21,0,4,0,1,3,0,4,163,18,7,1,9,95,6,5,2,4,0,0,2,4,8,0,2,5,1,0,1,0,1,0,7,4,1,0,1,0,0,0,0,0,0,0,0,1,0,0,33,1,29,9,0,0,0,1,0,2,1,0,0,0,0,0,0,0,0,0,0,0,1,0,0,0,0,0,0,0,0,0,0,0,0,0,0,0,1,11,6,0,0,0,1,0,0,0,0,0,0,3,0,1,0,0,0,1,0,0,0,0,0,1,0,0,0,27,502,554,430,458
36,44,9,17,0,70,21,0,7,2,0,5,0,5,171,26,5,4,18,100,4,4,3,7,3,1,1,4,19,0,8,4,0,2,2,2,2,0,13,2,0,0,2,0,0,2,0,1,0,0,1,0,1,0,54,0,41,18,0,0,0,4,2,6,3,1,0,0,1,0,0,0,0,0,3,0,0,0,0,0,0,0,0,0,0,0,0,0,0,0,0,0,1,20,12,1,0,0,0,1,0,0,0,1,0,7,3,0,1,0,0,0,0,0,0,0,0,5,2,1,1,8,593,683,468,515
38,65,13,5,0,83,44,0,3,0,0,3,0,3,166,29,7,1,21,91,4,8,0,5,0,0,2,0,14,0,2,5,5,1,1,0,1,0,4,2,3,0,1,2,0,3,0,0,0,0,0,0,0,0,52,0,44,22,1,0,0,4,2,5,0,0,0,0,0,1,1,0,0,0,3,1,1,0,0,0,0,0,0,0,0,0,0,0,0,0,0,0,4,13,10,0,0,0,0,0,0,0,1,0,0,5,0,3,0,1,0,0,1,0,0,0,0,0,1,1,1,66,372,675,484,511
40,46,8,12,0,66,18,0,3,0,0,3,0,11,182,14,23,2,16,104,8,11,1,11,0,0,4,2,15,0,5,5,2,0,1,4,0,0,13,2,1,0,0,0,0,3,0,0,0,0,0,0,0,0,67,2,62,12,0,0,0,4,1,10,1,1,0,0,0,1,0,0,0,0,1,0,0,0,0,0,0,0,0,0,0,0,0,0,0,0,0,0,8,13,8,0,0,0,0,0,0,0,3,0,1,3,0,2,1,0,0,0,1,1,0,0,0,5,1,4,1,1,715,718,488,527
44,69,8,15,0,92,19,0,8,5,0,3,0,3,150,20,15,1,17,109,2,1,0,11,0,0,1,1,20,0,4,6,0,1,0,0,2,3,5,8,1,0,2,1,1,3,0,0,0,0,0,0,0,0,70,1,55,25,0,0,0,0,2,7,0,1,0,0,3,1,0,0,0,0,1,1,0,0,0,0,0,0,0,0,0,0,0,0,0,0,0,0,12,13,15,3,0,0,0,0,0,0,0,0,0,9,0,2,1,1,0,1,0,0,2,0,1,4,1,2,0,2,819,717,462,507
52,85,14,15,1,115,33,0,8,0,0,8,0,2,173,12,17,3,20,98,3,2,0,6,0,1,1,4,37,0,1,3,3,3,1,0,2,0,11,5,0,0,3,0,1,0,0,1,1,0,0,0,0,0,72,1,60,31,0,0,0,6,0,5,0,0,0,0,2,0,1,0,1,0,5,2,0,0,0,0,0,0,0,0,0,0,0,0,0,0,0,0,10,15,19,2,0,0,1,0,0,0,0,0,0,3,0,0,1,0,0,1,0,0,1,0,0,3,3,0,3,7,644,803,506,570
56,64,5,20,0,89,22,0,5,1,0,4,1,9,161,13,16,4,20,79,8,4,2,7,0,1,3,5,20,0,3,2,2,2,3,1,2,0,20,1,1,0,2,0,0,2,0,1,0,0,0,0,1,0,59,0,49,38,0,0,0,2,0,6,0,0,0,0,4,0,0,0,1,0,0,1,0,0,0,0,0,0,0,0,0,0,0,0,0,0,0,0,9,10,23,0,0,0,4,0,0,1,0,0,1,8,0,2,3,0,1,0,0,0,0,1,0,11,4,0,0,2,631,719,455,512
60,82,12,16,4,114,47,0,4,0,0,4,0,4,196,16,12,5,31,84,1,2,2,9,0,0,3,3,12,0,4,4,0,2,2,2,3,0,9,2,0,0,0,0,2,2,0,0,0,0,0,0,1,0,93,0,34,35,0,0,0,3,1,8,0,0,0,0,2,0,0,0,1,0,0,1,0,0,0,0,0,0,0,0,0,0,0,0,0,0,0,0,7,21,21,1,1,0,3,0,0,0,2,0,0,6,0,2,0,3,0,1,0,0,1,0,0,7,1,2,0,23,162,810,543,578
64,67,5,10,4,86,18,0,9,5,0,4,2,3,174,18,19,4,20,66,2,5,0,6,0,0,5,2,13,0,4,4,0,8,0,3,2,1,17,1,0,2,1,0,1,0,0,0,1,0,0,0,0,0,74,2,46,29,0,0,0,4,0,7,0,0,0,0,6,0,1,0,0,0,0,0,0,0,0,0,0,0,0,0,0,0,0,0,0,0,0,0,9,10,26,0,0,0,0,0,0,0,0,0,0,7,0,2,1,0,0,0,1,0,0,0,0,1,0,2,1,3,595,711,453,497
72,54,5,9,3,71,35,0,6,0,0,6,0,3,215,17,10,1,17,81,1,1,0,5,0,0,0,0,14,0,5,6,0,3,1,2,2,0,3,5,1,0,2,1,0,0,0,0,0,0,0,0,0,0,23,0,8,8,0,0,0,0,1,5,0,0,0,0,3,0,2,2,0,1,0,1,0,0,0,0,0,0,0,0,0,0,0,0,0,0,0,0,13,6,19,0,0,0,1,0,0,0,0,0,0,4,0,2,1,1,0,0,0,0,0,0,0,2,1,0,1,5,398,601,482,508
80,52,6,4,2,64,44,0,0,0,0,0,0,4,234,22,4,3,25,69,7,4,1,6,0,2,1,0,11,0,2,2,1,1,0,0,1,0,6,1,0,0,0,1,0,0,0,0,0,0,0,0,0,0,3,0,4,3,0,0,0,1,0,9,0,0,0,0,0,0,0,0,0,0,0,0,0,0,1,0,0,0,0,0,0,0,0,0,0,0,0,0,10,5,6,0,0,0,1,0,1,0,0,0,0,0,0,5,1,0,0,0,0,0,0,0,0,1,0,2,0,5,306,560,496,516
88,62,5,8,2,77,34,0,7,2,2,3,1,6,225,30,10,2,34,79,2,6,2,4,0,0,0,0,11,0,3,5,0,1,1,1,0,0,4,3,0,0,0,0,4,0,0,0,1,0,0,0,0,0,9,1,6,3,0,0,0,0,0,5,0,0,0,0,1,0,0,0,0,0,2,0,0,0,0,0,0,0,0,0,0,0,0,0,0,0,0,0,5,3,5,0,0,0,2,0,0,0,0,0,0,0,0,2,0,1,0,1,0,0,0,0,0,1,1,0,2,11,219,595,535,553
96,68,5,12,3,88,66,0,4,2,0,2,0,7,216,20,17,1,39,105,4,5,1,8,0,0,0,0,6,0,5,4,1,0,0,2,1,0,5,1,2,0,1,0,0,1,0,0,0,0,0,0,0,0,4,0,3,0,0,0,1,0,0,5,0,0,0,0,1,0,0,0,0,0,0,1,0,0,0,0,0,0,0,0,0,0,0,0,0,0,0,0,12,2,5,1,0,0,1,0,0,0,0,1,0,0,0,2,0,1,1,0,1,0,0,1,0,0,0,2,1,0,241,646,595,610
104,82,3,25,0,110,53,0,4,4,0,0,0,6,229,20,17,0,47,104,8,9,4,10,0,1,0,0,10,0,4,6,2,0,0,0,0,0,3,1,1,0,0,1,2,2,0,0,0,0,0,0,0,0,1,0,0,0,0,0,0,1,0,9,0,0,0,0,0,0,0,0,0,0,0,0,0,0,0,1,1,0,0,0,0,0,0,0,0,0,0,0,8,3,2,0,0,0,0,0,0,0,0,0,0,2,0,4,1,0,2,0,0,0,0,0,0,1,1,4,0,3,241,680,638,654
112,72,10,18,0,100,35,0,3,2,0,1,0,2,171,0,21,2,50,100,7,6,2,5,0,0,0,1,8,0,3,6,0,0,0,0,1,0,3,0,0,0,0,0,2,0,0,0,0,0,0,0,0,0,2,0,0,0,0,0,0,2,0,2,1,0,0,0,0,0,0,0,0,0,0,1,0,0,0,1,0,0,0,0,0,0,0,0,0,0,0,0,2,2,2,0,0,0,0,0,0,0,0,0,0,1,0,1,1,1,0,0,0,0,0,1,0,1,3,0,1,2,194,543,515,528
120,96,6,30,0,132,37,0,2,1,0,1,0,6,208,22,8,3,75,86,5,4,4,6,0,1,0,0,7,0,2,4,0,0,0,0,0,0,3,1,0,0,0,0,0,1,0,0,0,0,0,0,0,0,2,0,0,0,0,0,0,2,0,9,1,0,0,0,0,0,0,0,0,1,1,1,0,0,0,0,0,0,0,0,0,0,0,0,0,0,0,0,2,7,5,0,0,0,2,0,0,0,0,0,0,0,0,1,1,0,0,0,2,0,0,2,0,2,1,0,0,6,239,650,605,617
128,62,6,40,0,108,55,0,3,0,0,3,0,2,202,13,2,1,50,93,7,5,3,7,0,0,0,0,3,0,1,6,1,2,1,0,2,0,0,0,0,0,0,0,3,1,0,0,0,0,0,0,0,0,0,0,0,1,0,0,0,0,0,4,0,0,0,0,0,0,0,0,0,0,0,0,0,0,0,0,0,0,0,0,0,0,0,0,0,0,0,0,1,3,6,0,1,0,0,0,1,0,0,0,0,0,0,2,1,0,0,0,0,0,0,0,0,0,0,1,0,9,61,588,565,571
136,67,4,31,1,103,44,0,2,2,0,0,1,1,193,17,4,0,46,82,9,8,3,4,0,1,1,0,2,0,2,4,0,0,0,0,0,0,2,0,0,0,0,0,0,0,0,0,0,0,0,0,0,0,2,0,1,0,0,0,0,0,0,5,0,0,0,0,0,0,0,0,0,0,0,1,0,0,0,0,0,0,0,0,0,0,0,0,0,0,0,0,6,1,3,0,0,0,0,0,0,0,0,0,0,0,0,1,0,0,0,0,1,0,0,0,1,1,0,0,1,6,109,548,524,529
144,66,8,26,1,101,46,0,3,1,0,2,1,2,211,27,3,5,36,91,1,4,2,7,1,0,0,1,8,0,1,6,1,0,0,0,1,0,9,2,0,0,0,0,2,0,0,0,0,0,0,0,0,0,4,0,0,0,0,0,0,0,0,4,0,0,0,0,0,0,0,0,0,0,0,0,0,0,0,0,0,0,0,0,0,1,0,0,0,0,0,0,0,2,5,0,0,0,0,0,0,0,0,0,0,1,0,4,0,2,1,0,0,0,0,0,0,1,0,0,0,6,122,588,551,572
152,62,3,20,0,85,52,0,2,0,0,2,0,2,192,16,1,3,56,98,5,6,3,4,1,0,0,0,10,0,1,4,0,0,0,1,0,0,5,1,0,0,0,0,1,0,0,0,0,0,0,0,0,0,1,0,0,0,0,0,0,0,0,6,0,0,0,0,0,0,0,0,0,0,0,0,0,0,0,0,0,0,0,0,0,0,0,0,0,0,0,0,5,6,4,0,0,0,0,0,0,0,0,0,0,3,0,2,0,0,1,0,0,0,0,1,0,0,1,1,1,7,119,571,533,549
160,76,5,19,0,100,48,0,2,0,0,2,0,1,172,21,4,0,66,110,9,11,2,8,5,0,1,0,9,0,0,4,2,0,0,0,0,0,4,1,0,0,0,3,1,0,0,0,0,0,0,0,0,0,1,0,0,0,0,0,0,0,0,3,0,0,0,0,0,0,0,0,0,0,0,1,0,0,0,0,0,0,0,0,0,0,0,0,0,0,0,0,3,2,9,0,1,0,0,0,0,0,0,0,0,0,0,1,0,0,1,0,1,0,0,0,0,0,1,0,0,13,132,604,569,584
168,65,2,18,0,85,53,0,1,0,0,1,1,2,164,15,2,0,94,114,6,4,4,6,0,1,0,0,11,0,0,4,0,0,0,0,1,1,5,1,0,0,0,0,3,2,0,0,0,0,0,0,0,0,1,0,1,1,0,0,0,2,0,4,0,0,0,0,0,0,0,0,0,0,0,0,0,0,0,0,0,0,0,0,0,0,0,0,0,0,0,0,1,7,3,0,0,0,0,0,0,0,0,0,0,1,0,0,1,0,2,0,1,1,0,0,0,3,2,2,0,22,157,600,559,580
176,90,3,12,1,106,45,0,0,0,0,0,0,1,194,25,3,2,77,116,8,6,0,14,0,0,1,0,4,0,4,7,2,0,0,0,0,0,2,0,0,0,0,0,0,0,0,0,0,0,0,0,0,0,0,0,0,0,0,0,0,1,0,1,0,0,0,0,0,0,0,0,0,0,0,0,0,0,0,0,0,0,0,0,0,1,0,0,0,0,0,0,3,3,2,0,0,0,0,0,0,0,0,0,0,0,0,1,0,0,0,0,0,0,0,0,0,1,0,0,0,4,92,628,610,617
180,57,6,13,2,78,40,0,2,1,0,1,0,3,198,17,3,1,66,57,3,8,0,3,0,0,0,0,11,0,3,6,2,1,1,0,1,0,4,0,0,0,0,0,3,1,0,0,0,0,0,0,0,0,1,1,0,0,0,0,0,0,0,2,0,0,0,0,0,0,0,0,0,0,0,0,0,0,0,0,0,0,0,0,0,0,0,0,0,0,0,0,0,2,0,1,0,0,0,0,0,0,0,1,0,0,0,1,0,0,0,0,0,0,0,0,0,1,0,0,0,25,136,519,495,512
188,42,15,11,0,68,40,0,0,0,0,0,1,4,283,16,2,1,74,54,8,3,6,11,1,0,0,0,13,0,3,10,4,1,0,0,1,0,2,2,0,0,0,0,3,0,0,0,0,0,0,0,0,0,1,0,1,0,0,0,0,1,0,4,0,0,0,0,0,0,0,0,0,0,1,0,0,0,0,0,0,0,0,0,0,0,0,0,0,0,0,0,5,1,4,0,0,0,0,0,0,0,0,0,0,2,0,1,0,2,0,0,0,0,0,0,0,2,1,0,0,3,118,629,593,611
196,43,6,5,0,54,38,0,1,0,0,1,0,1,233,26,2,1,95,47,5,9,0,11,0,0,0,0,10,0,0,6,1,0,0,0,1,0,0,0,0,0,0,0,0,1,0,0,0,0,0,0,0,0,2,0,0,0,0,0,0,0,0,6,0,0,0,0,0,0,0,0,0,0,0,0,0,0,0,0,0,0,0,0,0,0,0,0,0,0,0,0,1,6,3,0,0,0,0,0,0,0,0,0,0,1,0,0,1,0,0,0,0,0,0,0,0,0,1,0,0,19,96,560,530,542
204,41,2,1,2,46,32,0,0,0,0,0,0,1,262,21,1,3,84,65,4,6,3,6,0,0,2,1,15,0,2,10,0,0,0,1,1,0,0,0,0,0,0,0,0,0,0,0,0,0,0,0,0,0,1,0,0,0,0,0,0,0,0,4,0,0,0,0,0,0,0,0,0,0,0,0,0,0,0,0,0,0,0,0,0,0,0,0,0,0,0,0,1,2,3,0,0,0,0,0,0,0,1,0,0,0,0,0,0,0,0,1,1,0,0,0,0,0,0,3,0,18,67,577,547,566
212,32,4,5,0,41,30,0,0,0,0,0,1,6,281,23,1,2,50,53,7,5,4,10,0,0,0,1,19,0,1,6,1,1,0,1,1,0,0,0,0,1,0,1,0,0,0,0,0,0,0,0,0,0,1,1,0,0,0,0,0,4,0,3,0,0,0,0,0,0,0,0,0,0,0,0,0,0,0,0,0,0,0,0,0,0,0,0,0,0,0,0,4,5,2,0,0,0,0,0,0,0,1,0,0,3,0,1,1,0,0,0,0,0,0,0,0,2,3,2,0,3,144,567,525,547
220,29,5,5,0,39,26,0,0,0,0,0,0,6,302,30,2,0,41,39,3,11,2,9,0,0,1,0,15,0,5,6,0,0,0,3,2,1,0,1,0,0,0,1,4,0,0,0,0,0,0,0,0,0,3,0,0,0,0,0,0,3,0,4,1,0,0,0,0,0,0,0,0,0,0,0,0,1,0,0,0,0,0,0,0,0,0,0,0,0,1,0,6,7,4,0,0,0,0,0,0,0,2,0,0,0,0,1,2,1,1,1,0,2,0,0,0,4,2,3,1,4,141,579,529,549
224,29,2,5,2,38,23,0,1,0,0,1,0,5,302,22,2,3,35,41,4,2,5,10,0,0,0,2,16,1,5,4,1,0,0,2,0,0,1,2,0,0,0,0,3,1,0,1,0,0,0,1,0,0,3,0,1,1,0,0,0,2,0,7,1,0,0,0,0,0,0,0,0,0,0,0,2,0,0,0,0,0,0,0,0,0,0,0,0,0,0,0,4,5,1,0,1,0,0,0,0,0,0,0,0,3,0,1,1,0,0,0,0,0,0,0,1,3,3,0,0,1,77,561,508,533
240,34,3,2,5,44,22,0,0,0,0,0,0,3,248,28,2,1,53,48,6,4,5,8,0,1,0,1,20,0,3,11,1,0,0,2,0,0,1,1,1,0,1,2,0,1,0,0,0,0,0,1,0,0,5,1,0,3,0,0,0,1,0,13,0,0,1,0,0,0,0,0,0,0,0,5,0,0,0,0,0,0,0,0,0,0,0,0,0,0,0,0,5,10,7,0,0,0,0,0,0,0,2,0,0,3,0,2,5,1,0,0,0,1,0,1,2,5,0,2,1,3,149,570,493,519
248,37,3,5,2,47,33,0,0,0,0,0,1,4,260,19,1,0,57,54,4,9,0,11,0,0,0,0,21,0,5,2,3,0,1,0,1,1,4,0,0,0,0,1,2,1,0,0,0,0,0,0,0,0,1,1,0,0,0,0,0,1,0,4,0,0,0,0,0,0,0,0,0,0,0,1,0,0,0,0,0,0,0,0,0,0,0,0,0,0,0,0,3,6,3,0,0,0,0,0,0,0,0,0,0,2,0,0,0,0,1,11,0,1,0,0,0,7,2,0,1,6,86,562,514,542
256,43,4,10,0,57,27,0,0,0,0,0,1,3,317,33,2,8,57,67,6,8,2,9,0,0,0,0,23,0,8,10,0,0,2,3,3,0,2,1,0,1,0,0,4,1,1,0,0,0,0,0,0,0,0,1,2,0,0,0,0,0,0,8,0,0,0,0,0,0,0,0,0,0,1,0,0,0,0,0,0,0,0,0,0,0,0,0,0,0,0,0,1,9,7,0,0,0,0,0,0,0,0,0,0,3,0,1,2,0,0,0,0,0,1,0,0,2,4,0,1,0,94,685,624,656
260,25,5,4,0,34,8,0,0,0,0,0,0,1,303,21,0,3,47,39,4,6,5,2,0,0,0,0,16,0,0,6,0,0,0,0,0,0,1,2,7,0,0,0,3,0,0,0,2,0,0,0,0,0,1,0,2,0,0,0,0,0,2,0,0,0,0,0,0,0,0,0,0,0,0,0,0,0,0,0,0,0,0,0,0,0,0,0,0,0,0,3,5,1,0,0,0,0,0,0,0,2,1,0,1,0,2,0,0,0,1,0,0,0,0,0,0,8,5,4,51,3,119,526,491,510
264,25,1,3,0,29,15,0,0,0,0,0,0,1,301,18,0,2,39,47,6,6,2,17,0,0,0,0,27,0,3,2,3,0,0,1,0,0,4,0,0,0,0,0,3,0,0,0,0,0,0,0,0,0,1,0,0,0,0,0,0,1,0,5,0,0,0,0,0,0,0,0,0,0,0,1,0,0,0,0,0,0,0,0,0,0,0,0,0,0,0,0,0,11,6,0,0,0,0,0,0,0,0,0,0,0,0,0,0,0,0,1,0,1,0,0,0,3,2,0,1,3,100,551,495,526
272,20,6,2,1,29,4,0,2,0,0,2,0,1,324,28,1,3,39,37,5,4,1,10,0,0,0,0,21,0,1,8,1,0,0,4,0,0,3,4,0,0,0,0,5,0,1,0,0,0,0,0,0,0,1,0,0,0,0,0,0,1,0,7,0,0,0,0,0,0,0,0,0,0,0,0,0,0,0,0,0,0,0,0,0,0,0,0,0,0,0,0,5,5,3,0,0,0,0,0,0,0,0,0,0,0,0,0,0,0,1,0,0,0,0,0,0,2,5,0,0,2,85,558,507,536
280,34,9,7,4,54,10,0,0,0,0,0,0,7,281,27,3,0,34,42,6,4,2,15,0,1,0,0,9,0,3,12,1,0,0,1,0,0,5,3,1,0,0,0,3,1,0,1,0,0,0,2,0,0,2,0,0,0,0,0,0,0,0,3,0,0,0,0,0,0,0,0,0,1,0,1,0,0,0,0,0,0,0,0,0,0,0,0,0,0,0,0,6,1,1,1,0,0,0,0,0,0,1,0,0,1,0,1,0,0,0,0,0,1,0,0,0,3,1,2,1,0,63,544,507,528
288,38,2,2,2,44,10,0,1,0,0,1,0,5,311,30,1,0,30,47,2,5,1,10,0,0,0,0,28,0,0,2,5,1,1,0,0,1,2,4,0,0,0,0,1,0,0,0,0,0,0,0,0,0,3,0,1,0,0,0,0,1,0,4,1,0,0,0,0,0,0,0,0,0,0,2,0,0,0,0,0,0,0,0,0,1,0,0,0,0,0,0,5,0,2,0,0,0,0,0,0,0,0,0,0,1,0,3,0,0,0,1,0,4,0,1,0,0,2,1,0,2,138,562,507,542
296,27,3,0,0,30,7,0,1,0,0,1,0,3,324,25,1,1,28,32,10,4,2,3,0,1,0,0,28,0,6,9,3,1,0,0,0,0,0,2,0,0,1,2,6,0,0,0,0,0,0,4,0,0,0,0,2,0,0,0,0,4,0,3,0,0,0,0,0,0,0,0,0,0,0,0,0,0,0,0,0,0,0,0,0,0,0,0,0,0,0,0,7,2,3,0,0,0,0,0,0,0,1,0,0,0,0,1,0,0,0,0,0,0,0,0,0,2,1,0,1,1,108,555,499,534
304,31,4,7,0,42,4,0,0,0,0,0,0,10,304,32,1,1,29,37,3,6,0,15,0,0,1,0,33,0,2,13,0,0,0,1,0,0,3,0,0,0,0,0,0,1,0,0,0,0,0,3,0,0,3,1,0,0,0,0,0,2,0,6,0,0,0,0,0,0,0,0,0,1,0,0,0,0,0,0,0,0,0,0,0,0,0,0,0,0,1,0,10,6,11,0,0,0,0,0,0,0,0,2,0,1,0,0,0,0,0,0,1,0,0,1,0,4,1,0,0,0,113,582,500,541
312,34,1,2,2,39,5,0,0,0,0,0,1,10,303,30,1,2,37,34,6,7,0,13,0,0,0,0,14,1,5,6,4,0,0,2,1,0,1,3,0,0,0,0,9,1,0,0,0,0,0,0,0,0,9,0,0,0,0,0,0,0,0,10,0,0,0,0,0,0,0,0,0,0,0,2,0,0,0,0,0,0,0,0,0,0,0,0,0,0,0,0,5,7,3,0,0,0,0,0,0,0,0,0,0,0,0,1,0,1,0,0,0,0,0,0,2,5,2,1,1,4,124,571,514,535
320,15,2,5,2,24,4,0,1,0,0,1,0,5,295,35,2,0,31,48,5,5,3,7,1,0,0,0,16,0,3,13,2,0,0,2,0,0,0,0,0,0,1,0,3,2,0,0,0,0,0,2,0,0,5,0,1,0,0,0,0,0,0,1,0,0,0,0,0,0,0,0,0,1,0,2,0,0,0,0,0,0,0,0,0,0,0,0,0,0,0,0,6,4,2,0,0,0,0,0,0,0,0,0,0,3,0,3,1,0,0,0,2,0,1,0,0,2,4,3,0,0,93,532,489,510
328,34,2,4,0,40,6,0,0,0,0,0,0,5,256,30,1,2,44,43,12,10,2,7,0,2,1,0,23,0,1,10,5,0,0,1,0,0,1,4,0,0,1,1,1,0,0,0,0,0,0,1,0,0,3,2,0,0,0,0,0,0,0,5,0,0,0,0,0,0,0,0,0,0,1,2,0,0,0,0,0,0,0,0,1,0,0,0,0,0,0,0,5,9,8,0,0,0,1,0,0,0,0,0,0,1,1,2,0,0,1,1,0,0,0,0,0,2,1,5,1,8,136,547,479,510
336,34,6,5,3,48,5,0,0,0,0,0,0,3,307,40,0,0,44,54,5,6,5,10,0,0,2,0,20,0,1,13,0,0,1,7,1,1,1,0,0,0,0,2,2,1,0,0,0,0,0,0,1,0,8,0,0,0,0,0,0,1,0,2,0,0,0,0,0,0,0,0,0,0,0,2,0,0,0,0,0,0,0,0,0,0,0,0,0,0,0,0,8,5,5,0,0,0,0,0,0,0,0,0,0,2,0,1,1,1,0,0,0,0,0,0,0,2,2,1,1,2,85,611,553,580
344,21,2,7,1,31,11,0,1,0,0,1,0,4,321,37,1,2,48,48,11,13,1,9,0,1,1,0,13,0,5,7,3,0,0,2,0,0,3,1,0,0,1,0,3,2,0,0,0,0,0,1,0,2,8,0,4,0,0,0,0,1,0,7,0,0,0,0,0,0,0,0,0,0,0,2,0,0,0,0,0,0,0,0,0,0,0,0,1,0,0,0,13,5,9,0,0,0,0,0,0,0,0,0,0,1,0,1,0,0,0,0,0,0,0,0,0,4,3,1,0,5,128,633,559,583
352,24,2,1,1,28,11,0,1,0,0,1,0,4,363,47,2,4,59,66,9,14,3,17,0,0,0,0,20,0,8,9,6,0,0,7,0,0,1,1,0,0,1,0,10,2,0,0,0,0,0,0,0,0,3,0,1,0,0,0,0,1,0,5,0,0,0,0,0,0,0,0,0,0,0,0,0,0,0,0,0,0,0,0,0,0,0,0,0,0,0,0,13,5,0,0,0,0,0,0,0,0,0,2,0,1,0,2,0,1,0,0,0,0,0,0,0,0,0,2,0,0,139,721,668,693
358,8,3,2,0,13,11,0,1,0,0,0,0,0,271,33,0,3,43,51,6,11,8,4,3,0,0,0,22,0,4,5,0,1,0,0,0,1,1,1,3,0,0,1,5,0,0,0,0,0,0,0,0,0,1,1,1,0,0,0,0,0,3,3,0,0,0,0,0,0,0,0,0,0,1,0,0,0,0,0,0,0,0,0,0,0,0,0,0,0,0,5,4,2,0,0,0,0,0,0,0,0,0,0,0,1,3,0,0,0,0,0,0,0,0,0,0,9,3,4,15,0,121,523,476,501
360,15,4,3,2,24,27,0,2,1,0,1,0,3,342,35,0,2,57,55,9,12,4,11,0,0,0,0,19,0,4,6,2,0,0,0,0,0,2,1,0,0,0,0,9,0,0,0,0,0,0,0,0,0,3,0,0,0,0,0,0,2,0,5,0,0,0,0,0,0,0,0,0,0,0,1,0,0,0,0,0,0,0,0,0,0,0,0,0,0,0,0,5,3,3,0,0,0,0,0,0,0,0,0,0,1,0,3,1,1,0,0,0,1,0,0,0,2,9,4,1,5,138,648,604,626
368,19,2,2,1,24,56,0,0,0,0,0,0,7,242,50,2,2,46,50,3,9,7,8,0,0,1,1,29,0,7,8,1,0,0,1,1,2,1,3,0,0,1,1,6,4,0,0,0,0,0,0,0,0,3,0,4,0,0,0,0,2,0,6,0,0,0,0,0,0,0,0,0,0,0,1,0,0,1,0,0,0,0,0,0,0,0,0,0,0,0,0,16,5,2,0,1,0,0,0,0,0,0,0,0,2,0,1,0,0,0,0,0,1,0,0,0,0,1,1,0,1,130,614,530,573
376,24,6,4,3,37,52,0,0,0,0,0,0,4,223,35,0,2,42,39,1,7,1,11,1,0,0,0,20,0,1,14,0,0,2,1,0,1,0,5,0,0,0,1,7,5,0,0,0,0,0,0,0,0,11,0,1,0,0,0,0,5,0,2,1,0,0,0,0,0,0,0,0,0,0,1,0,0,0,0,0,0,0,0,0,0,0,0,0,0,0,0,16,4,6,0,0,0,0,0,0,0,0,0,0,1,0,0,0,3,0,1,0,0,0,0,0,1,2,1,2,2,121,559,481,512
384,21,0,5,2,28,61,0,0,0,0,0,0,7,266,26,1,3,47,42,9,11,3,7,1,0,2,0,21,0,6,7,2,0,0,0,1,0,3,2,0,0,0,1,7,1,0,0,0,0,0,0,0,0,4,1,1,0,0,0,0,2,0,7,1,0,0,0,0,0,0,0,0,0,1,0,0,0,0,0,0,0,0,0,0,0,0,0,0,0,0,0,13,3,4,0,1,0,0,0,0,0,2,0,0,0,0,4,1,0,0,0,0,0,0,0,0,7,1,0,1,5,119,603,535,565
392,30,2,3,3,38,52,0,1,0,0,1,0,6,303,13,0,0,67,37,5,11,3,4,0,0,0,0,21,0,1,11,1,2,1,1,0,0,0,3,0,0,1,0,10,3,0,0,0,0,0,0,0,0,4,1,0,0,0,0,0,0,4,0,0,0,1,0,0,0,0,0,0,1,0,0,0,0,0,0,0,0,0,0,0,0,0,1,0,0,0,15,7,3,0,0,0,0,0,0,0,1,0,0,0,0,2,0,0,0,0,0,0,0,0,0,5,12,2,0,3,0,105,633,567,595
396,15,2,3,0,20,46,0,0,0,0,0,0,0,266,11,0,2,51,27,7,9,6,3,3,0,2,0,17,0,1,3,0,0,0,1,0,0,0,0,7,0,0,5,12,0,0,0,1,0,0,0,0,0,6,0,4,0,0,0,1,0,1,0,0,0,0,0,0,0,0,0,0,0,0,0,0,0,0,0,0,0,0,0,0,0,0,0,0,0,0,3,5,6,0,0,0,0,0,0,0,1,0,0,0,0,8,0,0,0,0,0,0,0,0,0,0,10,1,5,40,3,130,527,481,500
400,18,6,8,2,34,44,0,0,0,0,0,0,2,270,11,1,2,64,25,4,8,4,8,0,0,0,1,26,0,3,7,1,0,0,0,0,0,1,2,0,0,0,1,8,4,0,0,0,0,0,0,0,0,6,0,1,0,0,0,0,0,2,1,0,0,0,0,0,0,0,0,0,0,1,0,0,0,0,0,0,0,0,0,0,0,0,0,0,0,0,12,4,10,0,0,0,0,0,0,0,0,0,0,0,0,6,1,0,0,1,0,0,0,0,2,2,22,1,0,2,2,97,568,497,531
404,17,4,1,0,22,32,0,0,0,0,0,0,0,284,4,0,3,52,23,8,9,5,1,3,2,1,0,10,0,4,7,0,3,1,0,0,2,0,0,8,0,0,0,12,6,0,0,0,0,0,0,0,0,4,1,3,0,0,0,1,0,0,0,0,0,0,0,0,0,0,0,0,0,0,0,0,0,0,0,0,0,0,0,0,0,0,0,0,0,0,14,4,2,0,0,0,0,0,0,0,0,0,0,0,0,1,0,0,0,0,0,0,0,0,0,0,5,1,3,36,2,160,531,483,502
408,21,3,1,3,28,53,0,0,0,0,0,0,3,274,6,0,4,55,28,9,12,1,8,1,0,0,0,16,0,5,9,0,0,0,0,0,0,0,0,0,0,0,1,13,8,0,0,1,0,0,0,0,0,2,0,0,0,0,0,2,0,4,0,0,0,0,0,0,0,0,0,0,1,0,0,0,0,0,0,0,0,0,0,0,0,0,0,0,0,0,5,4,3,0,0,0,0,0,0,0,0,0,0,0,0,7,0,0,0,0,0,0,0,0,1,2,1,1,1,4,2,94,556,511,535
416,16,3,4,1,24,49,0,0,0,0,0,0,0,284,4,0,0,48,35,4,16,2,6,0,1,0,0,23,0,6,5,2,0,0,1,0,0,0,1,0,0,0,1,6,2,0,0,0,0,0,0,0,3,2,0,1,0,0,0,0,0,2,0,0,0,0,0,0,0,0,0,0,1,0,0,0,0,0,0,0,0,0,0,0,0,0,0,0,0,0,7,4,3,0,0,1,0,0,0,0,0,0,0,0,0,2,0,0,0,0,0,0,0,0,0,1,2,2,0,3,0,86,544,494,523
424,14,7,0,0,21,69,0,0,0,0,0,0,3,248,3,1,1,75,31,3,5,2,1,2,0,0,0,15,0,4,2,1,0,0,0,0,0,0,1,0,0,0,0,10,1,0,0,1,0,0,0,0,0,3,0,0,0,0,0,1,0,1,0,0,0,0,0,0,0,0,0,0,0,0,0,0,0,0,0,0,0,0,0,0,0,0,0,0,0,0,3,4,4,0,1,0,0,0,0,0,0,0,0,1,0,3,0,0,0,0,1,0,0,1,0,2,1,4,0,19,0,43,517,483,500
432,24,3,4,2,33,78,0,0,0,0,0,0,4,269,5,1,0,69,35,8,17,0,5,0,0,0,0,19,0,6,3,5,0,0,0,0,0,0,0,0,0,0,0,5,3,0,0,0,0,0,0,0,0,0,0,1,1,0,0,0,0,1,2,0,0,0,0,0,0,0,0,0,0,1,0,0,0,0,0,0,0,0,0,0,0,0,0,0,0,0,3,3,3,0,0,0,0,0,0,0,0,0,0,1,0,3,0,0,0,0,0,0,0,0,0,0,3,1,0,6,1,95,580,543,565
440,15,4,6,0,25,62,0,0,0,0,0,0,2,319,1,0,1,99,50,12,5,5,6,0,0,0,0,24,0,3,4,1,0,0,1,0,0,1,1,0,0,0,0,13,0,0,0,0,0,0,0,0,0,1,1,2,0,0,0,0,0,1,0,0,0,0,0,0,0,0,0,0,0,0,0,0,0,0,0,0,0,0,0,0,0,0,0,0,0,0,6,6,4,0,0,0,0,0,0,0,1,0,0,0,0,2,0,1,0,0,0,0,0,1,0,3,1,1,0,7,2,103,657,609,635
444,13,0,1,0,14,30,0,0,0,0,0,0,0,202,2,0,2,153,41,8,6,0,2,2,0,0,0,14,0,6,3,0,0,0,1,0,0,1,0,4,0,0,0,14,0,0,0,0,0,0,0,0,0,2,0,3,0,0,0,0,0,1,0,0,0,0,0,0,0,0,0,0,0,0,0,0,0,0,0,0,0,0,0,0,0,0,0,0,0,0,2,2,0,0,0,0,0,0,0,0,0,0,0,1,0,0,0,0,0,0,0,0,0,0,0,0,6,1,2,40,2,137,515,490,505
448,11,3,7,1,22,54,0,0,0,0,0,0,5,190,3,1,0,141,47,7,9,1,8,0,0,0,0,9,0,7,2,1,0,1,0,0,0,1,2,0,0,0,0,15,0,0,0,0,0,0,0,0,0,1,0,5,0,0,0,0,0,3,1,0,0,0,0,0,0,0,0,0,0,0,0,0,0,0,0,0,0,0,0,0,0,0,0,0,0,0,3,3,4,0,0,0,0,0,0,0,0,0,0,0,0,1,0,0,0,0,0,0,0,0,0,1,5,3,1,9,0,109,546,514,526
452,15,2,1,0,18,24,0,0,0,0,0,0,3,253,2,0,1,108,35,9,5,2,1,1,0,0,0,18,0,4,2,0,1,0,2,0,0,1,0,6,0,0,0,19,0,0,0,0,0,0,0,0,0,2,1,2,0,0,0,2,0,0,0,0,0,0,0,0,0,0,0,0,0,0,0,0,0,0,0,0,0,0,0,0,0,0,0,0,0,0,2,4,3,0,0,0,0,0,0,0,1,0,0,0,0,3,0,0,0,3,0,0,0,0,0,0,1,1,2,20,1,143,532,496,515
456,16,2,4,3,25,49,0,1,0,0,1,0,1,286,1,0,4,76,30,5,8,3,5,1,0,0,0,15,0,5,4,3,0,0,1,0,0,0,2,0,0,1,0,16,0,0,0,0,0,0,0,0,0,4,0,1,0,0,0,0,0,1,0,0,0,0,0,0,0,0,0,0,0,0,0,0,0,0,0,0,0,0,0,0,0,0,0,0,0,1,0,2,4,0,1,0,0,0,0,0,0,1,0,2,0,1,0,0,0,1,0,0,0,0,0,2,0,1,2,4,2,93,556,524,542
472,10,2,3,0,15,28,0,0,0,0,0,0,1,332,2,0,0,37,34,7,17,5,0,3,0,0,0,12,0,7,2,0,0,1,0,0,0,0,0,4,0,0,0,17,0,0,0,0,0,0,0,0,0,4,0,9,0,0,0,1,0,1,1,0,0,0,0,0,0,0,0,0,0,1,0,0,0,0,0,0,0,0,0,0,0,0,0,0,0,0,2,4,4,0,0,0,0,0,0,0,1,1,0,0,0,1,1,0,0,0,0,0,0,0,0,0,10,1,5,40,1,146,552,512,524
476,22,2,4,0,28,37,0,0,0,0,0,0,0,321,1,0,1,30,40,6,8,2,5,2,0,0,0,15,0,6,5,0,1,0,0,0,0,0,1,2,0,0,0,8,0,0,0,1,0,0,0,0,0,2,0,1,0,0,0,2,0,1,1,0,0,0,0,0,0,0,0,0,0,0,0,0,0,0,0,0,0,0,0,0,0,0,0,0,0,0,3,6,5,0,0,0,0,0,0,0,0,0,0,0,0,1,1,0,0,0,0,0,0,0,0,0,4,1,4,11,2,174,541,504,520
480,18,1,6,0,25,36,0,0,0,0,0,0,2,308,1,0,1,31,37,8,4,1,2,1,0,0,0,17,0,8,4,0,0,0,2,0,0,1,0,2,0,0,0,14,0,0,0,0,0,0,0,0,0,0,0,5,0,0,0,1,0,2,1,0,0,0,0,0,0,0,0,0,0,0,0,0,0,0,0,0,0,0,0,0,0,0,0,0,0,0,5,5,3,0,0,0,0,0,0,0,0,1,0,1,0,2,0,0,0,0,0,0,0,0,0,0,3,3,4,21,1,130,527,487,505
496,44,4,10,0,58,45,0,3,0,0,0,0,0,308,1,1,1,29,32,5,6,0,2,2,0,0,0,25,0,2,3,1,1,1,0,0,0,1,0,4,0,0,0,5,2,0,0,0,0,0,0,0,0,4,0,5,0,0,0,5,0,1,0,0,0,0,0,0,0,0,0,0,0,0,0,0,1,0,0,0,0,0,0,0,0,0,0,0,0,0,7,7,4,0,0,0,0,0,0,0,0,0,0,0,0,2,1,0,0,0,0,0,0,0,0,0,4,3,3,17,1,272,572,507,535
506,54,3,16,0,73,26,0,0,0,0,0,0,0,300,2,0,0,22,35,7,7,2,2,1,0,0,0,17,0,6,6,0,0,0,0,0,0,0,1,2,0,0,2,5,0,0,0,0,0,0,0,0,0,4,0,2,0,0,0,1,0,1,0,0,0,0,0,0,0,0,0,0,0,0,0,0,0,0,0,0,0,0,0,0,0,0,0,0,0,0,5,13,7,0,0,0,0,0,0,0,0,1,0,1,0,1,0,0,0,0,0,0,0,0,0,0,10,4,8,15,2,176,549,498,516
516,62,4,15,0,81,21,0,1,0,0,0,0,0,334,0,0,0,22,50,5,9,0,2,1,0,0,0,19,0,4,11,0,0,0,0,0,0,0,2,0,0,0,3,5,1,0,0,0,0,0,0,0,0,8,0,3,0,0,0,2,0,1,1,0,0,0,0,0,0,0,0,0,0,0,0,0,0,0,0,0,0,0,0,0,0,0,0,0,0,0,10,9,5,0,0,0,0,0,0,0,0,0,0,0,0,3,0,0,0,2,0,0,0,0,0,0,2,3,2,4,1,181,610,548,570
536,51,7,26,0,84,30,0,1,0,0,0,0,0,289,1,0,1,16,51,5,8,3,1,2,0,0,0,17,0,6,8,0,0,0,1,0,0,0,1,2,0,0,1,4,3,1,0,0,0,0,0,0,0,2,0,5,0,0,0,0,0,1,0,0,0,0,0,0,0,0,0,0,0,0,0,0,0,0,0,0,0,0,0,0,0,0,0,0,0,0,3,4,3,0,0,0,0,0,0,0,0,1,0,0,0,2,0,0,0,0,0,0,0,0,0,0,3,1,4,7,1,181,554,513,535
546,52,6,14,0,72,34,0,2,0,0,0,0,0,267,1,0,0,11,54,12,3,5,1,1,1,0,0,14,0,2,8,0,0,0,1,0,0,1,0,6,0,0,0,3,0,0,0,0,0,0,0,0,0,2,0,11,0,0,0,3,0,2,2,0,0,0,0,0,0,0,0,0,0,0,0,0,0,0,0,0,0,0,0,0,0,0,0,0,0,0,2,9,4,0,0,0,0,0,0,0,1,2,0,0,0,0,0,0,0,1,0,0,0,0,0,0,9,5,1,17,4,147,535,482,497
556,64,11,15,0,90,16,0,3,0,0,0,0,0,262,2,0,1,16,48,8,6,1,2,1,0,0,0,22,0,2,11,0,0,1,0,0,0,1,0,6,0,0,1,3,1,0,0,0,0,0,0,0,0,2,1,16,0,0,0,1,0,2,0,0,0,0,0,0,0,0,0,0,0,0,0,0,0,0,0,0,0,0,0,0,0,0,0,0,0,0,6,12,5,0,0,0,0,0,0,0,0,0,0,0,0,1,0,0,0,2,0,0,0,0,0,0,4,0,1,12,0,324,549,477,501
566,62,7,15,0,84,24,0,2,0,0,0,1,2,257,2,1,0,14,59,4,5,0,0,1,1,0,0,20,0,1,6,0,0,1,0,0,0,7,2,0,0,0,0,3,2,0,0,0,0,0,0,0,0,9,1,14,0,0,0,0,0,4,2,0,0,0,0,0,0,0,0,0,1,1,0,0,0,0,0,0,0,0,0,0,0,0,0,0,0,0,5,10,2,0,0,0,0,0,0,0,1,3,0,0,0,3,0,0,0,1,0,0,0,0,0,0,8,4,6,22,3,160,549,466,497
576,54,11,20,0,85,23,0,2,0,0,0,0,1,257,2,0,0,17,50,7,8,5,4,4,0,0,0,19,0,3,6,1,0,0,0,0,0,4,1,4,0,0,1,7,0,0,0,0,0,0,0,0,0,2,0,20,0,0,0,2,0,2,0,0,0,0,0,0,0,0,0,0,0,0,0,0,0,0,0,0,0,0,0,0,0,0,0,0,0,0,19,9,4,0,0,0,0,0,0,0,1,1,0,0,0,1,0,0,0,0,0,0,0,0,0,0,3,0,3,12,3,206,570,485,509
596,51,7,24,0,82,25,0,4,0,0,0,0,0,262,0,1,1,11,62,9,7,4,4,1,0,0,0,23,0,4,5,0,0,2,1,0,0,5,4,7,0,0,0,1,0,0,0,1,0,0,0,1,0,4,0,17,0,0,0,2,0,2,0,0,0,0,0,0,0,0,0,0,1,0,0,0,0,0,0,0,0,0,0,0,0,0,0,0,0,0,4,4,6,0,1,0,0,0,0,0,0,5,0,0,0,1,0,0,0,1,0,0,0,0,0,0,1,1,5,7,2,146,568,490,523
616,47,6,15,0,68,22,0,1,0,0,0,0,0,284,0,0,0,11,40,9,2,2,1,3,0,1,0,28,0,4,5,0,0,2,1,0,0,6,4,2,0,0,0,5,2,0,0,0,0,0,0,0,0,3,0,19,0,0,0,3,0,2,0,0,0,0,0,0,0,0,0,0,0,0,0,0,0,0,0,0,0,0,0,0,0,0,0,0,0,0,6,2,6,0,0,0,0,0,0,0,1,3,0,0,0,1,0,0,0,0,0,0,0,0,0,0,6,2,5,3,0,143,545,461,502
636,38,10,24,0,72,24,0,1,0,0,0,0,0,294,1,3,0,10,37,7,6,5,3,5,0,0,0,15,0,1,5,1,0,1,0,0,0,4,0,3,0,0,0,2,0,0,0,0,0,0,0,0,0,2,1,27,0,0,0,4,0,6,0,0,0,0,0,0,0,0,0,0,0,0,0,0,1,0,0,0,0,0,0,0,0,0,0,0,0,0,5,5,3,0,0,0,0,0,0,0,2,5,0,0,0,1,0,0,0,1,0,0,0,0,0,0,5,1,4,9,2,169,556,480,499
656,62,10,22,0,94,25,0,2,0,0,0,0,2,276,0,1,0,5,79,7,10,2,9,0,0,0,0,29,0,2,3,2,0,1,6,0,0,5,6,0,0,0,0,1,1,0,0,0,0,0,0,0,0,8,0,40,0,0,0,4,0,3,0,0,0,0,0,0,0,0,0,0,0,0,0,0,0,0,0,0,0,0,0,0,0,0,0,0,0,0,14,11,9,0,0,0,0,0,0,0,0,4,0,0,0,0,0,0,0,0,0,0,0,0,0,0,8,0,4,11,2,172,657,525,566
676,63,15,24,0,102,27,0,1,0,0,0,0,0,274,0,0,0,2,44,11,6,3,5,1,0,0,0,27,0,4,4,1,0,0,5,0,0,8,4,4,0,0,1,4,0,0,0,0,0,0,0,0,0,6,0,19,0,0,0,4,0,4,0,0,0,0,0,0,0,0,0,0,0,0,0,0,0,0,0,0,0,0,0,0,0,0,0,0,0,0,10,6,3,1,0,0,0,0,0,0,1,1,0,0,1,0,0,0,0,0,0,0,0,0,0,0,7,1,1,8,3,199,592,498,537
696,75,10,28,0,113,32,0,1,0,0,0,0,0,241,1,0,0,2,37,10,7,7,6,1,0,0,0,33,0,3,1,0,0,1,1,0,0,12,1,6,0,0,0,1,0,0,0,0,0,0,0,0,0,5,0,39,0,0,0,1,0,1,1,0,1,0,0,0,0,0,0,0,0,0,0,0,0,0,0,0,0,0,0,0,0,0,0,0,0,0,8,13,3,1,0,0,0,0,0,0,0,3,0,0,0,0,0,0,0,0,0,0,0,0,0,0,6,1,5,13,1,172,590,470,516
706,99,0,28,0,127,28,0,2,0,0,0,0,0,228,0,0,0,4,40,10,4,2,1,2,0,2,1,25,0,0,4,0,0,1,2,0,2,2,2,11,0,0,0,5,0,0,0,1,0,0,0,0,0,5,0,28,0,0,0,0,0,4,0,0,0,0,0,0,0,0,0,0,0,0,0,0,0,0,0,0,0,0,0,0,0,0,0,0,0,0,8,10,4,0,0,0,0,0,0,0,0,1,0,0,0,3,0,0,0,1,0,0,0,0,0,0,2,2,6,35,1,169,565,470,504
716,78,14,43,0,135,17,0,5,0,0,0,0,0,246,0,1,2,2,33,8,5,5,2,0,0,0,0,38,0,4,7,0,0,3,2,0,3,9,3,4,0,0,1,6,0,0,0,0,0,0,0,0,0,3,0,32,0,0,0,2,0,7,0,0,0,0,0,0,0,0,0,0,0,0,0,0,0,0,0,0,0,0,0,0,0,0,0,0,0,0,20,11,6,0,0,0,0,0,0,0,0,4,0,0,0,1,0,0,0,1,0,0,0,0,0,0,3,3,5,4,1,117,622,483,536
726,97,7,26,0,130,24,1,2,0,0,0,0,0,230,1,0,0,1,36,15,7,6,3,0,0,3,0,27,0,4,1,0,1,0,0,0,1,3,2,1,0,0,2,1,0,0,0,0,0,0,0,1,0,11,0,25,0,0,0,4,0,3,0,0,0,0,0,0,0,0,0,0,0,0,0,0,0,0,0,0,0,0,0,0,0,0,0,0,0,0,18,8,5,0,0,0,0,0,0,0,2,0,0,1,0,0,0,0,0,2,0,0,0,0,0,0,7,2,6,26,0,202,579,464,501
736,46,10,31,0,87,34,0,3,0,0,0,0,0,246,2,1,0,11,56,9,11,3,1,5,0,1,2,23,0,8,3,0,0,2,1,0,0,2,2,2,0,0,0,8,0,0,0,0,0,0,0,0,0,7,1,18,0,0,0,1,0,4,0,0,0,0,0,0,0,0,0,0,0,2,0,0,0,0,0,0,0,0,0,0,0,0,0,0,0,0,5,13,6,0,0,0,0,0,0,0,0,1,0,0,0,1,0,0,0,0,0,0,0,0,0,0,6,1,2,6,5,176,580,490,520
756,101,14,25,0,140,33,0,2,0,0,0,0,1,162,1,0,0,2,34,4,7,3,2,0,1,0,0,96,0,0,6,0,1,1,3,0,0,16,1,4,0,0,0,3,0,0,0,0,0,0,0,0,0,9,0,6,0,0,0,0,0,3,0,0,0,0,0,0,0,0,0,0,0,0,0,0,0,0,0,0,0,0,0,0,0,0,0,0,0,0,7,11,5,0,0,0,0,0,0,0,0,2,0,1,0,0,0,0,0,1,0,0,0,0,0,0,6,0,5,6,0,148,564,408,521
776,115,31,39,0,185,30,0,0,0,0,0,0,1,194,0,2,0,0,29,4,8,4,4,1,0,0,0,37,0,2,2,0,0,2,5,0,2,14,2,4,0,0,1,1,0,0,0,0,0,0,0,0,0,7,1,2,0,0,0,2,0,2,0,0,0,0,0,0,0,0,0,2,0,0,0,0,0,0,0,0,0,0,0,0,0,0,0,0,0,0,20,2,2,0,0,0,0,0,0,0,0,0,0,0,0,1,0,0,1,1,0,0,0,0,0,0,3,1,5,5,1,105,574,479,534
796,105,25,69,0,199,46,0,0,0,0,0,0,1,116,1,0,0,1,64,7,9,3,3,1,0,1,0,24,0,2,1,0,0,1,7,0,1,12,2,6,0,0,1,5,0,0,0,0,0,0,0,0,0,4,1,1,0,0,0,0,0,3,0,0,0,0,0,0,0,0,0,0,0,0,0,0,0,0,0,0,0,0,0,0,0,0,0,0,0,0,21,8,1,0,0,0,0,0,0,0,1,0,0,1,0,2,0,0,0,2,0,0,0,0,0,0,3,0,4,3,0,164,554,474,514
806,124,8,71,0,203,50,0,4,0,0,0,0,1,133,3,0,0,1,48,10,5,4,3,3,0,1,0,16,0,4,3,0,0,1,2,0,0,5,2,8,0,0,1,0,0,0,0,0,0,0,0,0,0,2,0,1,0,0,0,2,0,0,0,0,0,0,0,0,0,0,0,0,1,0,0,0,1,0,0,0,0,0,0,0,0,0,0,0,0,0,9,1,2,0,0,0,0,0,0,0,0,1,0,0,0,0,0,0,0,1,0,0,0,1,0,0,6,1,3,18,2,144,530,483,507
816,130,16,68,0,214,97,0,3,0,0,0,0,0,73,0,1,1,0,37,10,9,3,5,1,0,0,0,24,0,4,2,0,0,0,1,0,0,9,1,5,0,0,1,0,0,0,0,0,0,0,0,0,0,3,1,0,0,0,0,2,0,3,1,0,0,0,0,0,0,0,0,0,0,0,0,0,0,0,0,0,0,0,0,0,0,0,0,0,0,0,18,4,1,0,0,0,0,0,0,0,1,1,0,0,0,0,0,0,0,1,0,0,0,0,0,0,4,0,0,12,0,99,535,464,498
826,110,5,49,0,164,83,0,3,0,0,0,0,3,142,1,1,1,0,36,9,8,5,3,2,0,4,0,8,0,6,3,0,0,0,3,0,0,4,0,6,0,0,1,9,0,0,0,0,0,0,0,0,0,5,1,1,0,0,0,1,0,3,0,0,0,0,0,0,0,0,0,0,0,0,0,0,0,0,0,0,0,0,0,0,0,0,0,0,0,0,14,10,1,0,0,0,0,0,0,0,0,0,0,0,0,2,1,0,0,1,0,0,0,0,0,0,6,2,3,11,0,238,541,486,502
836,94,6,69,0,169,69,0,5,0,0,0,0,0,174,2,1,0,13,52,7,9,1,6,2,0,1,0,28,0,3,3,1,0,1,4,0,2,3,1,0,0,0,0,6,2,0,0,0,0,0,0,0,0,4,0,6,0,0,0,1,0,3,0,0,0,0,0,0,0,0,0,0,0,0,0,0,0,0,0,0,0,0,0,0,0,0,0,0,0,0,12,6,1,1,0,0,0,0,0,0,1,1,0,1,0,0,1,0,0,0,0,0,0,0,0,0,11,4,5,4,1,131,600,523,560
846,128,9,50,0,187,120,0,4,0,0,0,1,1,118,0,0,0,0,24,6,10,2,2,3,0,1,0,6,0,2,3,0,0,1,0,0,0,4,0,2,0,0,1,5,0,0,0,0,0,0,0,0,0,4,0,2,0,0,0,0,0,0,0,0,0,0,0,0,0,0,0,0,1,0,0,0,0,0,0,0,0,0,0,0,0,0,0,0,0,0,5,4,2,0,0,0,0,0,0,0,0,1,0,0,0,2,0,0,0,0,0,0,0,0,0,0,5,2,2,5,2,163,521,488,499
856,152,16,95,0,263,106,0,2,0,0,0,0,1,88,0,1,0,2,29,4,6,3,2,1,0,0,0,7,0,8,7,0,0,0,2,0,0,3,1,3,0,0,0,3,0,0,0,0,0,0,0,0,0,0,0,0,0,0,0,1,0,2,0,0,0,0,0,0,0,0,0,0,0,0,0,0,0,0,0,0,0,0,0,0,0,0,0,0,0,0,3,5,0,0,0,0,0,0,0,0,1,1,0,0,0,0,0,0,0,0,0,0,0,0,0,0,2,0,6,5,1,133,554,529,540
866,141,7,103,0,251,84,0,4,0,0,0,0,1,91,0,0,0,1,25,13,6,2,3,6,1,0,0,5,0,3,3,0,0,1,1,0,0,1,1,1,0,0,0,2,0,0,0,0,0,0,0,0,0,0,2,0,0,0,0,0,0,1,0,0,0,0,0,0,0,0,0,0,0,0,0,0,0,0,0,0,0,0,0,0,0,0,0,0,0,0,5,3,0,0,0,0,0,0,0,0,1,0,0,0,0,2,0,0,0,0,0,0,0,0,0,0,2,1,2,11,0,136,518,495,502
876,182,11,82,0,275,88,0,3,0,0,0,0,1,70,0,1,0,0,34,7,9,5,1,1,0,1,0,6,0,3,2,0,0,0,5,0,1,2,2,2,0,0,0,3,0,0,0,0,0,0,0,0,0,1,1,0,0,0,0,1,0,0,0,0,0,0,0,0,0,0,0,0,0,0,0,0,0,0,0,0,0,0,0,0,0,0,0,0,0,0,5,2,0,0,0,0,0,0,0,0,0,1,0,0,0,2,0,0,0,0,0,0,0,0,0,0,0,1,1,2,2,102,532,507,519
886,176,4,110,0,290,95,0,7,0,0,0,4,0,64,1,0,0,1,21,4,6,0,5,2,0,0,0,5,0,1,3,0,0,0,0,0,0,2,0,3,0,0,0,0,0,0,0,0,0,0,0,0,0,1,0,1,0,0,1,1,0,4,0,0,0,0,0,0,0,0,0,0,0,0,0,0,0,0,0,0,0,0,0,0,0,0,0,0,0,0,1,8,2,0,0,0,0,0,0,0,0,2,0,1,0,2,0,0,0,0,0,0,0,0,0,0,2,0,3,10,0,145,533,500,507
896,159,6,69,0,234,100,0,4,0,0,0,0,1,80,0,0,0,1,30,16,4,3,4,2,0,2,0,7,0,4,2,0,0,2,0,0,0,3,1,3,0,0,0,2,0,0,0,0,0,0,0,0,0,0,1,0,0,0,0,0,0,4,0,0,0,0,0,0,0,0,0,0,0,0,0,0,0,0,0,0,0,0,0,0,0,0,0,0,0,0,3,0,3,0,0,0,0,0,0,0,1,0,0,0,0,0,0,0,0,1,0,0,0,0,0,0,3,1,3,4,3,136,517,488,501
906,168,11,83,0,262,135,2,6,0,0,0,2,1,47,0,0,0,0,14,7,3,3,4,0,0,0,0,2,0,7,2,1,0,0,0,0,0,1,2,2,0,0,0,0,0,0,0,0,0,0,0,0,0,1,0,1,0,0,0,0,0,0,0,0,0,0,0,0,0,0,0,0,2,0,0,0,0,0,0,0,0,0,0,0,0,0,0,0,0,0,3,4,1,1,0,0,0,0,0,0,0,0,0,1,0,0,0,0,0,0,0,0,0,0,0,0,1,2,2,6,0,79,516,492,497
916,153,8,82,0,243,126,0,6,0,0,0,2,1,95,0,0,0,0,18,19,6,2,2,3,0,1,0,3,0,4,1,0,0,0,1,0,0,1,2,3,0,0,1,2,0,0,0,0,0,0,0,0,0,1,1,1,0,0,0,0,0,1,0,0,0,0,0,0,0,0,0,0,1,0,0,0,0,0,0,0,0,0,0,0,0,0,0,0,0,0,3,4,2,0,1,0,0,0,0,0,0,0,0,1,0,1,1,0,0,1,0,0,0,1,0,0,5,0,2,6,1,109,557,529,536
926,178,3,87,0,268,95,1,7,0,0,0,1,1,74,0,0,0,1,25,13,4,2,1,1,0,1,0,7,0,3,3,1,0,0,3,0,0,1,0,2,0,0,0,2,0,0,0,0,0,0,0,0,0,2,1,0,0,0,0,0,0,2,0,0,0,0,0,0,0,0,0,0,0,0,0,0,0,0,0,0,0,0,0,0,0,0,0,0,0,0,0,3,0,0,0,0,0,0,0,0,0,0,0,0,0,0,0,0,0,0,0,0,0,0,0,0,0,0,1,10,1,88,525,501,510
936,126,7,59,0,192,69,1,3,0,0,0,2,1,146,3,1,1,22,32,10,6,3,1,2,0,1,0,14,0,5,4,0,0,0,2,0,1,2,1,2,0,0,0,6,0,0,0,0,0,0,0,0,0,2,0,4,0,0,0,0,0,1,0,0,0,0,0,0,0,0,0,0,0,0,0,0,0,0,0,0,0,0,0,0,0,0,0,0,0,0,4,7,1,0,0,0,0,0,0,0,1,0,0,0,0,0,0,1,0,1,0,0,0,0,0,0,6,0,4,7,1,144,553,511,530
946,167,4,66,0,237,55,0,3,0,0,0,1,1,133,2,0,3,2,21,15,8,2,2,0,0,2,0,4,0,5,3,0,0,0,2,1,0,0,1,4,0,0,0,0,0,0,0,0,0,0,0,0,0,1,0,0,0,0,0,0,0,2,0,0,0,0,0,0,0,0,0,0,0,0,0,0,0,0,0,0,0,0,0,0,0,0,0,0,0,0,3,9,0,0,0,0,0,0,0,0,0,1,0,0,0,1,0,0,0,0,0,0,0,0,0,0,2,1,3,19,2,113,522,496,504
956,228,4,155,0,387,47,1,3,0,0,0,5,0,138,0,0,0,2,33,34,9,9,3,0,0,4,0,7,0,8,7,0,0,1,3,0,0,1,1,1,0,0,0,0,0,0,0,0,0,0,0,0,0,1,0,2,0,0,0,1,0,2,0,0,0,0,0,0,0,0,0,0,0,0,0,0,0,0,0,0,0,0,0,0,0,0,0,0,0,0,9,3,0,1,0,0,0,0,0,0,0,0,0,1,0,1,0,0,0,0,0,0,0,0,0,0,2,0,4,7,0,92,723,688,701
966,235,5,32,0,272,9,0,5,0,0,0,6,0,133,0,0,3,0,43,19,2,2,0,0,0,2,0,3,0,2,0,0,0,0,0,1,0,2,1,6,0,0,0,2,0,0,0,0,0,0,0,0,0,0,1,0,0,0,0,0,0,2,0,0,0,0,0,0,0,0,0,0,0,0,0,0,0,0,0,0,0,0,0,0,0,0,0,0,0,0,1,3,1,0,0,0,0,0,0,0,0,1,0,0,0,1,1,0,0,1,0,0,0,0,0,0,7,2,2,29,2,95,521,499,508
976,105,9,133,0,247,3,1,6,0,0,0,3,1,166,1,0,1,0,32,15,2,5,0,1,0,0,0,5,0,3,7,1,0,0,8,0,0,4,0,2,0,0,0,2,0,0,0,0,0,0,0,0,0,1,0,3,0,0,0,0,0,1,1,0,0,0,0,0,0,0,0,0,0,0,0,0,0,0,0,0,0,0,0,0,0,0,0,0,0,0,8,0,1,0,0,0,0,0,0,0,0,0,0,0,0,1,0,0,0,0,0,0,0,0,0,0,4,1,4,11,0,90,531,501,510
996,119,8,83,0,210,2,0,8,0,0,0,1,1,165,0,1,1,0,50,10,2,12,0,2,0,1,0,4,0,6,9,0,0,0,12,0,0,3,2,1,0,0,0,1,0,0,0,0,0,0,0,0,0,0,0,0,0,0,0,0,0,1,0,0,0,0,0,0,0,0,0,0,0,0,0,0,0,0,0,0,0,0,0,0,0,0,0,0,0,0,5,2,0,0,0,0,0,0,0,0,0,1,0,0,0,1,1,1,0,2,0,0,0,0,0,0,1,3,4,13,1,88,512,486,496
1016,166,12,124,0,302,1,4,6,0,0,0,12,0,59,0,0,0,0,57,11,2,7,0,1,0,2,0,4,0,6,17,0,0,0,5,0,0,3,0,1,0,0,0,0,0,0,0,0,0,0,0,0,0,1,0,1,0,0,0,1,0,2,0,0,0,0,0,0,0,0,0,0,0,0,0,0,0,0,0,0,0,0,0,0,0,0,0,0,0,0,5,0,1,0,0,0,0,0,0,0,1,0,0,0,0,1,0,0,0,0,0,0,0,0,0,0,4,0,4,9,0,93,512,485,494
1036,114,11,90,0,215,16,0,4,0,0,0,4,3,142,0,1,0,3,62,5,4,6,1,1,0,0,0,9,0,6,11,0,0,0,5,1,0,0,3,2,0,0,0,2,0,0,0,0,0,0,0,0,0,2,0,0,0,0,0,1,0,2,0,0,0,0,0,0,0,0,0,0,1,0,0,0,0,0,0,0,0,0,0,0,0,0,0,0,0,0,2,4,0,0,0,0,0,0,0,0,0,0,0,0,0,0,1,0,0,1,0,0,0,0,0,0,1,1,3,4,2,82,518,489,502
1056,116,12,66,0,194,6,12,37,0,0,0,31,1,26,1,1,0,1,124,6,2,4,1,0,1,2,0,28,0,7,1,0,0,0,7,1,0,4,12,6,0,0,0,0,0,0,0,0,0,0,0,0,0,1,1,0,0,0,0,3,0,0,0,0,0,0,0,0,0,0,0,0,0,1,0,0,0,0,0,0,0,0,0,0,0,0,0,0,0,0,12,4,2,0,0,0,0,0,0,0,1,2,0,0,0,0,0,1,0,1,0,0,0,0,0,0,4,1,3,5,3,175,541,432,479
1076,109,41,37,0,187,8,15,58,0,0,0,20,3,17,0,0,0,1,125,3,2,6,3,0,0,1,0,42,0,0,2,0,0,3,6,0,0,6,5,6,0,0,0,0,0,0,0,0,0,0,0,0,0,2,3,1,0,0,0,4,0,4,0,0,0,0,0,0,0,0,0,0,0,2,0,0,0,0,0,0,0,0,0,0,0,0,0,0,0,0,24,9,1,0,0,0,0,0,0,0,1,3,0,1,0,0,0,0,0,4,0,0,0,0,0,0,7,4,3,9,1,181,570,407,461
1096,97,27,19,0,143,8,15,63,0,0,0,29,5,16,0,0,0,1,92,5,2,8,0,0,0,1,0,72,0,0,1,0,0,3,10,1,0,5,14,10,0,0,0,2,0,0,0,0,0,0,0,0,0,7,2,1,0,0,0,6,0,4,0,0,0,0,0,0,0,0,0,0,1,2,0,0,0,0,0,0,0,0,0,0,0,0,0,0,0,0,29,12,2,2,0,0,0,0,0,0,0,5,0,2,0,0,0,0,3,1,0,0,0,0,0,0,7,2,7,15,7,164,574,350,443
1116,67,11,10,0,88,2,4,134,0,0,0,42,3,14,0,0,0,1,115,2,1,4,0,5,0,0,0,74,0,1,2,1,0,0,10,2,0,4,1,7,0,0,0,0,0,0,0,0,0,0,0,0,0,0,0,1,0,0,0,1,0,1,0,0,0,0,0,0,0,0,0,0,0,0,0,0,0,0,0,0,0,0,0,0,0,0,0,0,0,0,10,6,0,7,0,0,0,0,0,0,1,9,0,2,0,0,1,0,0,0,0,0,0,0,0,0,4,4,4,6,1,139,544,302,383
1126,50,3,4,0,57,4,5,85,0,0,0,20,0,3,0,0,0,0,94,1,0,1,0,0,0,0,0,54,0,0,1,0,0,0,0,1,0,1,1,8,0,0,0,0,0,0,0,0,0,0,0,0,0,2,1,0,0,0,0,2,0,2,0,0,0,0,0,0,0,0,0,0,0,0,0,0,0,0,0,0,0,0,0,0,0,0,0,0,0,0,1,1,0,1,0,0,0,0,0,0,0,4,0,0,0,0,0,0,0,0,0,0,0,0,0,0,2,1,4,16,0,69,346,194,251
1130,110,0,22,0,132,11,0,169,0,0,0,50,0,29,1,0,0,3,100,1,5,0,0,0,0,0,0,14,0,1,1,0,0,0,0,0,0,1,0,1,0,0,0,2,0,0,0,0,0,0,0,0,0,0,0,0,0,0,0,2,0,5,0,0,0,0,0,0,0,0,0,0,0,1,0,0,0,0,0,0,0,0,0,0,0,0,0,0,0,0,1,0,0,2,0,0,0,2,0,0,0,0,0,0,0,0,2,0,0,0,0,0,0,0,0,0,0,1,1,9,0,110,534,337,352
1136,98,16,62,0,176,24,4,34,0,0,0,11,4,117,3,3,0,5,85,13,5,5,4,3,0,1,0,35,0,8,6,0,2,1,1,1,0,2,0,8,0,0,0,0,0,0,0,0,0,0,0,0,0,2,1,2,1,0,0,0,0,3,1,0,0,0,0,0,0,0,0,0,1,0,0,0,0,0,0,0,0,0,0,0,0,0,0,0,0,0,5,6,3,1,1,0,0,0,0,0,0,1,0,0,0,0,0,0,0,0,0,0,0,0,0,0,5,2,1,6,1,115,588,488,527
1146,69,5,8,0,82,6,4,118,0,0,0,32,3,12,0,1,0,0,72,2,2,0,0,0,0,0,0,23,0,0,0,0,0,0,0,0,0,4,0,11,0,0,0,0,0,0,0,0,0,0,0,0,0,2,0,1,0,0,0,2,0,1,1,0,0,0,0,0,0,0,0,0,1,0,0,0,0,0,0,0,0,0,0,0,0,0,0,0,0,0,1,1,0,1,0,0,0,0,0,0,0,1,0,0,0,0,1,0,0,1,0,0,0,0,0,0,0,4,2,25,0,110,383,227,254
1156,56,16,16,0,88,3,9,166,0,0,0,30,2,3,0,1,0,0,102,2,0,1,0,0,0,0,0,92,0,0,1,0,0,0,1,0,0,3,1,10,0,0,0,0,0,0,0,0,0,0,0,0,0,3,0,1,0,0,0,1,0,10,0,0,0,0,0,0,0,0,0,0,0,0,0,0,0,0,0,0,0,0,0,0,0,0,0,0,0,0,2,6,0,1,1,0,0,0,0,0,0,2,0,2,0,0,0,0,0,0,0,0,0,0,0,0,7,2,2,8,3,124,540,253,349
1176,60,21,20,0,101,2,8,192,0,0,0,16,1,8,0,0,0,0,18,2,0,0,0,0,0,0,0,131,0,0,0,0,0,2,4,1,0,9,2,3,0,0,0,0,0,0,0,0,0,0,0,0,0,3,1,1,0,0,0,1,0,2,0,0,0,0,0,0,0,0,0,0,0,0,0,0,0,0,0,0,0,0,0,0,0,0,0,0,0,0,1,2,0,1,1,0,0,0,0,0,1,5,0,0,0,0,0,0,0,0,0,0,0,0,0,0,4,3,5,4,1,104,514,165,308
1196,51,17,11,0,79,0,8,268,0,0,0,28,1,17,1,0,0,0,15,3,2,0,0,1,0,0,0,68,0,0,0,0,0,0,6,1,0,5,1,2,0,0,0,0,0,0,0,0,0,0,0,0,0,6,2,0,0,0,0,3,0,6,0,0,0,0,0,0,0,0,0,0,0,0,0,0,0,0,0,0,0,0,0,0,0,0,0,0,0,0,2,2,0,2,0,0,0,0,0,0,0,25,0,0,1,0,0,0,0,0,0,0,0,0,0,0,2,3,7,2,2,186,529,163,238
1216,88,33,10,0,131,1,11,255,0,0,0,21,5,11,0,0,0,0,18,7,0,2,0,0,0,0,0,38,0,0,1,0,0,0,6,0,0,3,2,4,0,0,0,0,0,0,0,0,0,0,0,0,0,2,1,0,0,0,0,0,0,6,1,0,0,0,0,0,0,0,0,0,0,0,0,0,0,0,0,0,0,0,0,0,0,0,0,0,0,0,0,2,0,0,0,0,0,0,0,0,1,7,0,3,0,0,0,0,0,1,0,0,0,0,0,0,1,3,3,3,0,129,529,218,261
1236,144,49,8,0,201,6,10,154,0,0,0,13,3,37,3,0,0,0,18,12,2,1,0,0,0,0,0,23,0,2,0,0,0,0,2,0,0,4,1,8,0,0,0,1,0,0,0,1,0,0,0,0,0,1,2,1,0,0,0,0,0,1,0,0,0,0,0,0,0,0,0,0,0,1,0,0,0,0,0,0,0,0,0,0,0,0,0,0,0,0,0,2,0,1,0,0,0,0,0,0,0,28,0,1,0,0,0,0,0,1,0,0,0,0,0,0,2,0,3,11,4,124,511,320,348
1256,130,49,1,0,180,0,1,211,0,0,0,20,10,20,0,0,1,1,15,14,0,3,1,2,0,0,0,10,0,0,0,0,0,0,1,3,0,3,2,8,0,0,0,0,0,0,0,0,0,0,0,0,0,3,0,0,0,0,0,2,0,9,0,0,0,0,0,0,0,0,0,0,0,0,0,0,0,0,0,0,0,0,0,0,0,0,0,0,0,0,2,1,1,3,0,0,0,0,0,0,0,29,0,0,0,0,0,0,0,0,0,0,0,0,0,0,4,1,6,12,1,161,527,277,295
1276,107,41,0,0,148,0,1,231,0,0,0,25,6,22,0,0,1,1,17,8,3,2,4,4,0,0,0,3,0,0,0,0,1,0,1,2,0,7,1,13,0,0,0,1,0,0,0,0,0,0,0,0,0,12,2,0,1,0,0,2,0,19,0,0,0,0,0,0,0,0,0,0,1,0,0,0,0,0,0,0,0,0,0,0,0,0,0,0,0,0,2,3,0,3,0,0,0,0,0,0,1,19,0,2,0,0,0,1,0,0,0,0,0,0,0,0,5,2,5,15,1,136,548,258,271
1296,60,35,0,0,95,1,4,269,0,0,0,26,4,27,0,0,0,1,25,18,0,3,0,0,0,0,0,3,0,0,1,0,0,2,4,1,0,14,0,5,0,0,0,0,0,0,0,0,0,0,0,0,0,9,1,0,0,0,0,3,0,13,0,0,0,0,0,0,0,0,0,0,0,0,0,0,0,0,0,0,0,0,0,0,0,0,0,0,0,0,1,5,0,2,0,0,0,0,0,0,0,4,0,0,1,0,0,0,0,1,0,0,0,0,0,0,6,2,3,9,0,185,537,216,234
1316,66,20,0,0,86,0,2,244,0,0,0,2,13,39,2,0,1,1,17,25,2,7,0,6,0,0,0,4,0,0,0,2,0,6,11,0,0,18,0,15,0,0,0,0,0,0,0,0,0,0,0,0,0,5,1,0,0,0,0,9,0,19,0,0,0,0,0,0,0,0,0,0,0,0,0,0,0,0,0,0,0,0,0,0,0,0,0,0,0,1,6,5,0,3,0,0,0,0,0,0,0,5,0,0,10,0,0,0,0,2,0,0,0,0,0,0,5,2,7,21,6,286,552,237,259
1356,47,6,1,0,54,0,0,68,0,0,0,2,5,17,0,0,0,0,47,11,0,1,0,0,0,0,0,6,0,2,1,0,0,13,12,0,0,1,1,10,0,0,0,0,0,0,0,0,0,0,0,0,0,14,6,0,3,0,0,8,0,84,0,0,0,0,0,0,0,0,0,1,0,0,0,0,0,0,0,0,0,0,0,0,0,0,0,0,0,0,3,8,0,4,0,0,0,0,0,0,2,0,0,1,0,0,0,0,0,2,0,0,0,0,0,0,9,5,23,22,7,446,384,175,183
